type,language,license,rightsHolder,datasetID,institutionCode,datasetName,eventID,parentEventID,samplesizeValue,sampleSizeUnit,habitat,samplingProtocol,country,decimalLatitude,decimalLongitude,geodeticDatum,coordinateUncertaintyInMeters
Event,en,http://creativecommons.org/publicdomain/zero/1.0/legalcode,Ghent University,,UGent,FORMICA_VEG - Vegetation surveys along edge-to-core transects in open and dense forests in the framework of the Forest Microclimate Assessment (FORMICA) project,FORMICA_VEG:plot:BELOT1P1,FORMICA_VEG:transect:BELOT1,9,m2,temperate forest,vegetation survey,Belgium,50.7696403,3.7534763,EPSG:4326,30
Event,en,http://creativecommons.org/publicdomain/zero/1.0/legalcode,Ghent University,,UGent,FORMICA_VEG - Vegetation surveys along edge-to-core transects in open and dense forests in the framework of the Forest Microclimate Assessment (FORMICA) project,FORMICA_VEG:plot:BELOT1P2,FORMICA_VEG:transect:BELOT1,9,m2,temperate forest,vegetation survey,Belgium,50.7694986,3.7534383,EPSG:4326,30
Event,en,http://creativecommons.org/publicdomain/zero/1.0/legalcode,Ghent University,,UGent,FORMICA_VEG - Vegetation surveys along edge-to-core transects in open and dense forests in the framework of the Forest Microclimate Assessment (FORMICA) project,FORMICA_VEG:plot:BELOT1P3,FORMICA_VEG:transect:BELOT1,9,m2,temperate forest,vegetation survey,Belgium,50.7697925,3.7533841,EPSG:4326,30
Event,en,http://creativecommons.org/publicdomain/zero/1.0/legalcode,Ghent University,,UGent,FORMICA_VEG - Vegetation surveys along edge-to-core transects in open and dense forests in the framework of the Forest Microclimate Assessment (FORMICA) project,FORMICA_VEG:plot:BELOT1P4,FORMICA_VEG:transect:BELOT1,9,m2,temperate forest,vegetation survey,Belgium,50.7699057,3.753078,EPSG:4326,30
Event,en,http://creativecommons.org/publicdomain/zero/1.0/legalcode,Ghent University,,UGent,FORMICA_VEG - Vegetation surveys along edge-to-core transects in open and dense forests in the framework of the Forest Microclimate Assessment (FORMICA) project,FORMICA_VEG:plot:BELOT1P5,FORMICA_VEG:transect:BELOT1,9,m2,temperate forest,vegetation survey,Belgium,50.7701294,3.752677,EPSG:4326,30
Event,en,http://creativecommons.org/publicdomain/zero/1.0/legalcode,Ghent University,,UGent,FORMICA_VEG - Vegetation surveys along edge-to-core transects in open and dense forests in the framework of the Forest Microclimate Assessment (FORMICA) project,FORMICA_VEG:plot:BELOT2P1,FORMICA_VEG:transect:BELOT2,9,m2,temperate forest,vegetation survey,Belgium,50.7696975699382,3.931010102325,EPSG:4326,30
Event,en,http://creativecommons.org/publicdomain/zero/1.0/legalcode,Ghent University,,UGent,FORMICA_VEG - Vegetation surveys along edge-to-core transects in open and dense forests in the framework of the Forest Microclimate Assessment (FORMICA) project,FORMICA_VEG:plot:BELOT2P2,FORMICA_VEG:transect:BELOT2,9,m2,temperate forest,vegetation survey,Belgium,50.769759,3.9309895,EPSG:4326,30
Event,en,http://creativecommons.org/publicdomain/zero/1.0/legalcode,Ghent University,,UGent,FORMICA_VEG - Vegetation surveys along edge-to-core transects in open and dense forests in the framework of the Forest Microclimate Assessment (FORMICA) project,FORMICA_VEG:plot:BELOT2P3,FORMICA_VEG:transect:BELOT2,9,m2,temperate forest,vegetation survey,Belgium,50.7697251,3.9310935,EPSG:4326,30
Event,en,http://creativecommons.org/publicdomain/zero/1.0/legalcode,Ghent University,,UGent,FORMICA_VEG - Vegetation surveys along edge-to-core transects in open and dense forests in the framework of the Forest Microclimate Assessment (FORMICA) project,FORMICA_VEG:plot:BELOT2P4,FORMICA_VEG:transect:BELOT2,9,m2,temperate forest,vegetation survey,Belgium,50.7699469,3.9312499,EPSG:4326,30
Event,en,http://creativecommons.org/publicdomain/zero/1.0/legalcode,Ghent University,,UGent,FORMICA_VEG - Vegetation surveys along edge-to-core transects in open and dense forests in the framework of the Forest Microclimate Assessment (FORMICA) project,FORMICA_VEG:plot:BELOT2P5,FORMICA_VEG:transect:BELOT2,9,m2,temperate forest,vegetation survey,Belgium,50.7700436,3.9312841,EPSG:4326,30
Event,en,http://creativecommons.org/publicdomain/zero/1.0/legalcode,Ghent University,,UGent,FORMICA_VEG - Vegetation surveys along edge-to-core transects in open and dense forests in the framework of the Forest Microclimate Assessment (FORMICA) project,FORMICA_VEG:plot:BELOT3P1,FORMICA_VEG:transect:BELOT3,9,m2,temperate forest,vegetation survey,Belgium,50.9731169,3.8035539,EPSG:4326,30
Event,en,http://creativecommons.org/publicdomain/zero/1.0/legalcode,Ghent University,,UGent,FORMICA_VEG - Vegetation surveys along edge-to-core transects in open and dense forests in the framework of the Forest Microclimate Assessment (FORMICA) project,FORMICA_VEG:plot:BELOT3P2,FORMICA_VEG:transect:BELOT3,9,m2,temperate forest,vegetation survey,Belgium,50.9731437,3.8034898,EPSG:4326,30
Event,en,http://creativecommons.org/publicdomain/zero/1.0/legalcode,Ghent University,,UGent,FORMICA_VEG - Vegetation surveys along edge-to-core transects in open and dense forests in the framework of the Forest Microclimate Assessment (FORMICA) project,FORMICA_VEG:plot:BELOT3P3,FORMICA_VEG:transect:BELOT3,9,m2,temperate forest,vegetation survey,Belgium,50.9731862,3.8034802,EPSG:4326,30
Event,en,http://creativecommons.org/publicdomain/zero/1.0/legalcode,Ghent University,,UGent,FORMICA_VEG - Vegetation surveys along edge-to-core transects in open and dense forests in the framework of the Forest Microclimate Assessment (FORMICA) project,FORMICA_VEG:plot:BELOT3P4,FORMICA_VEG:transect:BELOT3,9,m2,temperate forest,vegetation survey,Belgium,50.9734076999999,3.80335749999999,EPSG:4326,30
Event,en,http://creativecommons.org/publicdomain/zero/1.0/legalcode,Ghent University,,UGent,FORMICA_VEG - Vegetation surveys along edge-to-core transects in open and dense forests in the framework of the Forest Microclimate Assessment (FORMICA) project,FORMICA_VEG:plot:BELOT3P5,FORMICA_VEG:transect:BELOT3,9,m2,temperate forest,vegetation survey,Belgium,50.9741164,3.8027479,EPSG:4326,30
Event,en,http://creativecommons.org/publicdomain/zero/1.0/legalcode,Ghent University,,UGent,FORMICA_VEG - Vegetation surveys along edge-to-core transects in open and dense forests in the framework of the Forest Microclimate Assessment (FORMICA) project,FORMICA_VEG:plot:GELOT1P1,FORMICA_VEG:transect:GELOT1,9,m2,temperate forest,vegetation survey,Germany,53.2416795,8.6720557,EPSG:4326,30
Event,en,http://creativecommons.org/publicdomain/zero/1.0/legalcode,Ghent University,,UGent,FORMICA_VEG - Vegetation surveys along edge-to-core transects in open and dense forests in the framework of the Forest Microclimate Assessment (FORMICA) project,FORMICA_VEG:plot:GELOT1P2,FORMICA_VEG:transect:GELOT1,9,m2,temperate forest,vegetation survey,Germany,53.241725,8.672073,EPSG:4326,30
Event,en,http://creativecommons.org/publicdomain/zero/1.0/legalcode,Ghent University,,UGent,FORMICA_VEG - Vegetation surveys along edge-to-core transects in open and dense forests in the framework of the Forest Microclimate Assessment (FORMICA) project,FORMICA_VEG:plot:GELOT1P3,FORMICA_VEG:transect:GELOT1,9,m2,temperate forest,vegetation survey,Germany,53.2417429,8.6721226,EPSG:4326,30
Event,en,http://creativecommons.org/publicdomain/zero/1.0/legalcode,Ghent University,,UGent,FORMICA_VEG - Vegetation surveys along edge-to-core transects in open and dense forests in the framework of the Forest Microclimate Assessment (FORMICA) project,FORMICA_VEG:plot:GELOT1P4,FORMICA_VEG:transect:GELOT1,9,m2,temperate forest,vegetation survey,Germany,53.2420066,8.6721908,EPSG:4326,30
Event,en,http://creativecommons.org/publicdomain/zero/1.0/legalcode,Ghent University,,UGent,FORMICA_VEG - Vegetation surveys along edge-to-core transects in open and dense forests in the framework of the Forest Microclimate Assessment (FORMICA) project,FORMICA_VEG:plot:GELOT1P5,FORMICA_VEG:transect:GELOT1,9,m2,temperate forest,vegetation survey,Germany,53.2425026,8.6723009,EPSG:4326,30
Event,en,http://creativecommons.org/publicdomain/zero/1.0/legalcode,Ghent University,,UGent,FORMICA_VEG - Vegetation surveys along edge-to-core transects in open and dense forests in the framework of the Forest Microclimate Assessment (FORMICA) project,FORMICA_VEG:plot:GELOT2P1,FORMICA_VEG:transect:GELOT2,9,m2,temperate forest,vegetation survey,Germany,53.214372,8.6471581,EPSG:4326,30
Event,en,http://creativecommons.org/publicdomain/zero/1.0/legalcode,Ghent University,,UGent,FORMICA_VEG - Vegetation surveys along edge-to-core transects in open and dense forests in the framework of the Forest Microclimate Assessment (FORMICA) project,FORMICA_VEG:plot:GELOT2P2,FORMICA_VEG:transect:GELOT2,9,m2,temperate forest,vegetation survey,Germany,53.2143205,8.647121,EPSG:4326,30
Event,en,http://creativecommons.org/publicdomain/zero/1.0/legalcode,Ghent University,,UGent,FORMICA_VEG - Vegetation surveys along edge-to-core transects in open and dense forests in the framework of the Forest Microclimate Assessment (FORMICA) project,FORMICA_VEG:plot:GELOT2P3,FORMICA_VEG:transect:GELOT2,9,m2,temperate forest,vegetation survey,Germany,53.2144427,8.6470859,EPSG:4326,30
Event,en,http://creativecommons.org/publicdomain/zero/1.0/legalcode,Ghent University,,UGent,FORMICA_VEG - Vegetation surveys along edge-to-core transects in open and dense forests in the framework of the Forest Microclimate Assessment (FORMICA) project,FORMICA_VEG:plot:GELOT2P4,FORMICA_VEG:transect:GELOT2,9,m2,temperate forest,vegetation survey,Germany,53.2146454,8.6469066,EPSG:4326,30
Event,en,http://creativecommons.org/publicdomain/zero/1.0/legalcode,Ghent University,,UGent,FORMICA_VEG - Vegetation surveys along edge-to-core transects in open and dense forests in the framework of the Forest Microclimate Assessment (FORMICA) project,FORMICA_VEG:plot:GELOT2P5,FORMICA_VEG:transect:GELOT2,9,m2,temperate forest,vegetation survey,Germany,,,EPSG:4326,30
Event,en,http://creativecommons.org/publicdomain/zero/1.0/legalcode,Ghent University,,UGent,FORMICA_VEG - Vegetation surveys along edge-to-core transects in open and dense forests in the framework of the Forest Microclimate Assessment (FORMICA) project,FORMICA_VEG:plot:GELOT3P1,FORMICA_VEG:transect:GELOT3,9,m2,temperate forest,vegetation survey,Germany,53.2135295,8.6439776,EPSG:4326,30
Event,en,http://creativecommons.org/publicdomain/zero/1.0/legalcode,Ghent University,,UGent,FORMICA_VEG - Vegetation surveys along edge-to-core transects in open and dense forests in the framework of the Forest Microclimate Assessment (FORMICA) project,FORMICA_VEG:plot:GELOT3P2,FORMICA_VEG:transect:GELOT3,9,m2,temperate forest,vegetation survey,Germany,53.2135799,8.6439251,EPSG:4326,30
Event,en,http://creativecommons.org/publicdomain/zero/1.0/legalcode,Ghent University,,UGent,FORMICA_VEG - Vegetation surveys along edge-to-core transects in open and dense forests in the framework of the Forest Microclimate Assessment (FORMICA) project,FORMICA_VEG:plot:GELOT3P3,FORMICA_VEG:transect:GELOT3,9,m2,temperate forest,vegetation survey,Germany,53.2136334,8.6438453,EPSG:4326,30
Event,en,http://creativecommons.org/publicdomain/zero/1.0/legalcode,Ghent University,,UGent,FORMICA_VEG - Vegetation surveys along edge-to-core transects in open and dense forests in the framework of the Forest Microclimate Assessment (FORMICA) project,FORMICA_VEG:plot:GELOT3P4,FORMICA_VEG:transect:GELOT3,9,m2,temperate forest,vegetation survey,Germany,53.2137735,8.6435775,EPSG:4326,30
Event,en,http://creativecommons.org/publicdomain/zero/1.0/legalcode,Ghent University,,UGent,FORMICA_VEG - Vegetation surveys along edge-to-core transects in open and dense forests in the framework of the Forest Microclimate Assessment (FORMICA) project,FORMICA_VEG:plot:GELOT3P5,FORMICA_VEG:transect:GELOT3,9,m2,temperate forest,vegetation survey,Germany,53.2141358,8.6427626,EPSG:4326,30
Event,en,http://creativecommons.org/publicdomain/zero/1.0/legalcode,Ghent University,,UGent,FORMICA_VEG - Vegetation surveys along edge-to-core transects in open and dense forests in the framework of the Forest Microclimate Assessment (FORMICA) project,FORMICA_VEG:plot:NFLOT1P1,FORMICA_VEG:transect:NFLOT1,9,m2,temperate forest,vegetation survey,France,49.3407423,2.8177097,EPSG:4326,30
Event,en,http://creativecommons.org/publicdomain/zero/1.0/legalcode,Ghent University,,UGent,FORMICA_VEG - Vegetation surveys along edge-to-core transects in open and dense forests in the framework of the Forest Microclimate Assessment (FORMICA) project,FORMICA_VEG:plot:NFLOT1P2,FORMICA_VEG:transect:NFLOT1,9,m2,temperate forest,vegetation survey,France,49.3407129,2.8176546,EPSG:4326,30
Event,en,http://creativecommons.org/publicdomain/zero/1.0/legalcode,Ghent University,,UGent,FORMICA_VEG - Vegetation surveys along edge-to-core transects in open and dense forests in the framework of the Forest Microclimate Assessment (FORMICA) project,FORMICA_VEG:plot:NFLOT1P3,FORMICA_VEG:transect:NFLOT1,9,m2,temperate forest,vegetation survey,France,49.3408102,2.8176708,EPSG:4326,30
Event,en,http://creativecommons.org/publicdomain/zero/1.0/legalcode,Ghent University,,UGent,FORMICA_VEG - Vegetation surveys along edge-to-core transects in open and dense forests in the framework of the Forest Microclimate Assessment (FORMICA) project,FORMICA_VEG:plot:NFLOT1P4,FORMICA_VEG:transect:NFLOT1,9,m2,temperate forest,vegetation survey,France,49.3410337,2.8175835,EPSG:4326,30
Event,en,http://creativecommons.org/publicdomain/zero/1.0/legalcode,Ghent University,,UGent,FORMICA_VEG - Vegetation surveys along edge-to-core transects in open and dense forests in the framework of the Forest Microclimate Assessment (FORMICA) project,FORMICA_VEG:plot:NFLOT1P5,FORMICA_VEG:transect:NFLOT1,9,m2,temperate forest,vegetation survey,France,49.3416401,2.8173745,EPSG:4326,30
Event,en,http://creativecommons.org/publicdomain/zero/1.0/legalcode,Ghent University,,UGent,FORMICA_VEG - Vegetation surveys along edge-to-core transects in open and dense forests in the framework of the Forest Microclimate Assessment (FORMICA) project,FORMICA_VEG:plot:NFLOT2P1,FORMICA_VEG:transect:NFLOT2,9,m2,temperate forest,vegetation survey,France,49.3210825,2.9281248,EPSG:4326,30
Event,en,http://creativecommons.org/publicdomain/zero/1.0/legalcode,Ghent University,,UGent,FORMICA_VEG - Vegetation surveys along edge-to-core transects in open and dense forests in the framework of the Forest Microclimate Assessment (FORMICA) project,FORMICA_VEG:plot:NFLOT2P2,FORMICA_VEG:transect:NFLOT2,9,m2,temperate forest,vegetation survey,France,49.3211133,2.9280298,EPSG:4326,30
Event,en,http://creativecommons.org/publicdomain/zero/1.0/legalcode,Ghent University,,UGent,FORMICA_VEG - Vegetation surveys along edge-to-core transects in open and dense forests in the framework of the Forest Microclimate Assessment (FORMICA) project,FORMICA_VEG:plot:NFLOT2P3,FORMICA_VEG:transect:NFLOT2,9,m2,temperate forest,vegetation survey,France,49.321172,2.92795669999999,EPSG:4326,30
Event,en,http://creativecommons.org/publicdomain/zero/1.0/legalcode,Ghent University,,UGent,FORMICA_VEG - Vegetation surveys along edge-to-core transects in open and dense forests in the framework of the Forest Microclimate Assessment (FORMICA) project,FORMICA_VEG:plot:NFLOT2P4,FORMICA_VEG:transect:NFLOT2,9,m2,temperate forest,vegetation survey,France,49.3211577,2.9277415,EPSG:4326,30
Event,en,http://creativecommons.org/publicdomain/zero/1.0/legalcode,Ghent University,,UGent,FORMICA_VEG - Vegetation surveys along edge-to-core transects in open and dense forests in the framework of the Forest Microclimate Assessment (FORMICA) project,FORMICA_VEG:plot:NFLOT2P5,FORMICA_VEG:transect:NFLOT2,9,m2,temperate forest,vegetation survey,France,49.3214805,2.9269258,EPSG:4326,30
Event,en,http://creativecommons.org/publicdomain/zero/1.0/legalcode,Ghent University,,UGent,FORMICA_VEG - Vegetation surveys along edge-to-core transects in open and dense forests in the framework of the Forest Microclimate Assessment (FORMICA) project,FORMICA_VEG:plot:NFLOT3P1,FORMICA_VEG:transect:NFLOT3,9,m2,temperate forest,vegetation survey,France,49.3479798,2.9547926,EPSG:4326,30
Event,en,http://creativecommons.org/publicdomain/zero/1.0/legalcode,Ghent University,,UGent,FORMICA_VEG - Vegetation surveys along edge-to-core transects in open and dense forests in the framework of the Forest Microclimate Assessment (FORMICA) project,FORMICA_VEG:plot:NFLOT3P2,FORMICA_VEG:transect:NFLOT3,9,m2,temperate forest,vegetation survey,France,49.3479641,2.9548363,EPSG:4326,30
Event,en,http://creativecommons.org/publicdomain/zero/1.0/legalcode,Ghent University,,UGent,FORMICA_VEG - Vegetation surveys along edge-to-core transects in open and dense forests in the framework of the Forest Microclimate Assessment (FORMICA) project,FORMICA_VEG:plot:NFLOT3P3,FORMICA_VEG:transect:NFLOT3,9,m2,temperate forest,vegetation survey,France,49.3480308,2.9549491,EPSG:4326,30
Event,en,http://creativecommons.org/publicdomain/zero/1.0/legalcode,Ghent University,,UGent,FORMICA_VEG - Vegetation surveys along edge-to-core transects in open and dense forests in the framework of the Forest Microclimate Assessment (FORMICA) project,FORMICA_VEG:plot:NFLOT3P4,FORMICA_VEG:transect:NFLOT3,9,m2,temperate forest,vegetation survey,France,49.3479916,2.9553117,EPSG:4326,30
Event,en,http://creativecommons.org/publicdomain/zero/1.0/legalcode,Ghent University,,UGent,FORMICA_VEG - Vegetation surveys along edge-to-core transects in open and dense forests in the framework of the Forest Microclimate Assessment (FORMICA) project,FORMICA_VEG:plot:NFLOT3P5,FORMICA_VEG:transect:NFLOT3,9,m2,temperate forest,vegetation survey,France,49.3480288,2.9558509,EPSG:4326,30
Event,en,http://creativecommons.org/publicdomain/zero/1.0/legalcode,Ghent University,,UGent,FORMICA_VEG - Vegetation surveys along edge-to-core transects in open and dense forests in the framework of the Forest Microclimate Assessment (FORMICA) project,FORMICA_VEG:plot:POLOT1P1,FORMICA_VEG:transect:POLOT1,9,m2,temperate forest,vegetation survey,Poland,50.4007973,18.8476311,EPSG:4326,30
Event,en,http://creativecommons.org/publicdomain/zero/1.0/legalcode,Ghent University,,UGent,FORMICA_VEG - Vegetation surveys along edge-to-core transects in open and dense forests in the framework of the Forest Microclimate Assessment (FORMICA) project,FORMICA_VEG:plot:POLOT1P2,FORMICA_VEG:transect:POLOT1,9,m2,temperate forest,vegetation survey,Poland,50.4008266,18.8475443,EPSG:4326,30
Event,en,http://creativecommons.org/publicdomain/zero/1.0/legalcode,Ghent University,,UGent,FORMICA_VEG - Vegetation surveys along edge-to-core transects in open and dense forests in the framework of the Forest Microclimate Assessment (FORMICA) project,FORMICA_VEG:plot:POLOT1P3,FORMICA_VEG:transect:POLOT1,9,m2,temperate forest,vegetation survey,Poland,50.4008552,18.8475831,EPSG:4326,30
Event,en,http://creativecommons.org/publicdomain/zero/1.0/legalcode,Ghent University,,UGent,FORMICA_VEG - Vegetation surveys along edge-to-core transects in open and dense forests in the framework of the Forest Microclimate Assessment (FORMICA) project,FORMICA_VEG:plot:POLOT1P4,FORMICA_VEG:transect:POLOT1,9,m2,temperate forest,vegetation survey,Poland,50.4010395,18.8475368,EPSG:4326,30
Event,en,http://creativecommons.org/publicdomain/zero/1.0/legalcode,Ghent University,,UGent,FORMICA_VEG - Vegetation surveys along edge-to-core transects in open and dense forests in the framework of the Forest Microclimate Assessment (FORMICA) project,FORMICA_VEG:plot:POLOT1P5,FORMICA_VEG:transect:POLOT1,9,m2,temperate forest,vegetation survey,Poland,50.401667,18.8477252,EPSG:4326,30
Event,en,http://creativecommons.org/publicdomain/zero/1.0/legalcode,Ghent University,,UGent,FORMICA_VEG - Vegetation surveys along edge-to-core transects in open and dense forests in the framework of the Forest Microclimate Assessment (FORMICA) project,FORMICA_VEG:plot:POLOT2P1,FORMICA_VEG:transect:POLOT2,9,m2,temperate forest,vegetation survey,Poland,50.4012078,18.8448553,EPSG:4326,30
Event,en,http://creativecommons.org/publicdomain/zero/1.0/legalcode,Ghent University,,UGent,FORMICA_VEG - Vegetation surveys along edge-to-core transects in open and dense forests in the framework of the Forest Microclimate Assessment (FORMICA) project,FORMICA_VEG:plot:POLOT2P2,FORMICA_VEG:transect:POLOT2,9,m2,temperate forest,vegetation survey,Poland,50.4012206,18.8447772,EPSG:4326,30
Event,en,http://creativecommons.org/publicdomain/zero/1.0/legalcode,Ghent University,,UGent,FORMICA_VEG - Vegetation surveys along edge-to-core transects in open and dense forests in the framework of the Forest Microclimate Assessment (FORMICA) project,FORMICA_VEG:plot:POLOT2P3,FORMICA_VEG:transect:POLOT2,9,m2,temperate forest,vegetation survey,Poland,50.4012795,18.8448707,EPSG:4326,30
Event,en,http://creativecommons.org/publicdomain/zero/1.0/legalcode,Ghent University,,UGent,FORMICA_VEG - Vegetation surveys along edge-to-core transects in open and dense forests in the framework of the Forest Microclimate Assessment (FORMICA) project,FORMICA_VEG:plot:POLOT2P4,FORMICA_VEG:transect:POLOT2,9,m2,temperate forest,vegetation survey,Poland,50.4016015,18.8449418,EPSG:4326,30
Event,en,http://creativecommons.org/publicdomain/zero/1.0/legalcode,Ghent University,,UGent,FORMICA_VEG - Vegetation surveys along edge-to-core transects in open and dense forests in the framework of the Forest Microclimate Assessment (FORMICA) project,FORMICA_VEG:plot:POLOT2P5,FORMICA_VEG:transect:POLOT2,9,m2,temperate forest,vegetation survey,Poland,50.4020799,18.8452602,EPSG:4326,30
Event,en,http://creativecommons.org/publicdomain/zero/1.0/legalcode,Ghent University,,UGent,FORMICA_VEG - Vegetation surveys along edge-to-core transects in open and dense forests in the framework of the Forest Microclimate Assessment (FORMICA) project,FORMICA_VEG:plot:POLOT3P1,FORMICA_VEG:transect:POLOT3,9,m2,temperate forest,vegetation survey,Poland,50.4005961,18.8496003,EPSG:4326,30
Event,en,http://creativecommons.org/publicdomain/zero/1.0/legalcode,Ghent University,,UGent,FORMICA_VEG - Vegetation surveys along edge-to-core transects in open and dense forests in the framework of the Forest Microclimate Assessment (FORMICA) project,FORMICA_VEG:plot:POLOT3P2,FORMICA_VEG:transect:POLOT3,9,m2,temperate forest,vegetation survey,Poland,50.4006498,18.8495623,EPSG:4326,30
Event,en,http://creativecommons.org/publicdomain/zero/1.0/legalcode,Ghent University,,UGent,FORMICA_VEG - Vegetation surveys along edge-to-core transects in open and dense forests in the framework of the Forest Microclimate Assessment (FORMICA) project,FORMICA_VEG:plot:POLOT3P3,FORMICA_VEG:transect:POLOT3,9,m2,temperate forest,vegetation survey,Poland,50.4007984,18.8496305,EPSG:4326,30
Event,en,http://creativecommons.org/publicdomain/zero/1.0/legalcode,Ghent University,,UGent,FORMICA_VEG - Vegetation surveys along edge-to-core transects in open and dense forests in the framework of the Forest Microclimate Assessment (FORMICA) project,FORMICA_VEG:plot:POLOT3P4,FORMICA_VEG:transect:POLOT3,9,m2,temperate forest,vegetation survey,Poland,50.4009559,18.8496079,EPSG:4326,30
Event,en,http://creativecommons.org/publicdomain/zero/1.0/legalcode,Ghent University,,UGent,FORMICA_VEG - Vegetation surveys along edge-to-core transects in open and dense forests in the framework of the Forest Microclimate Assessment (FORMICA) project,FORMICA_VEG:plot:POLOT3P5,FORMICA_VEG:transect:POLOT3,9,m2,temperate forest,vegetation survey,Poland,50.4015389,18.8501137,EPSG:4326,30
Event,en,http://creativecommons.org/publicdomain/zero/1.0/legalcode,Ghent University,,UGent,FORMICA_VEG - Vegetation surveys along edge-to-core transects in open and dense forests in the framework of the Forest Microclimate Assessment (FORMICA) project,FORMICA_VEG:plot:SWLOT1P1,FORMICA_VEG:transect:SWLOT1,9,m2,temperate forest,vegetation survey,Switzerland,47.599153,8.6309673,EPSG:4326,30
Event,en,http://creativecommons.org/publicdomain/zero/1.0/legalcode,Ghent University,,UGent,FORMICA_VEG - Vegetation surveys along edge-to-core transects in open and dense forests in the framework of the Forest Microclimate Assessment (FORMICA) project,FORMICA_VEG:plot:SWLOT1P2,FORMICA_VEG:transect:SWLOT1,9,m2,temperate forest,vegetation survey,Switzerland,47.5991934,8.6310366,EPSG:4326,30
Event,en,http://creativecommons.org/publicdomain/zero/1.0/legalcode,Ghent University,,UGent,FORMICA_VEG - Vegetation surveys along edge-to-core transects in open and dense forests in the framework of the Forest Microclimate Assessment (FORMICA) project,FORMICA_VEG:plot:SWLOT1P3,FORMICA_VEG:transect:SWLOT1,9,m2,temperate forest,vegetation survey,Switzerland,47.5993335,8.6309686,EPSG:4326,30
Event,en,http://creativecommons.org/publicdomain/zero/1.0/legalcode,Ghent University,,UGent,FORMICA_VEG - Vegetation surveys along edge-to-core transects in open and dense forests in the framework of the Forest Microclimate Assessment (FORMICA) project,FORMICA_VEG:plot:SWLOT1P4,FORMICA_VEG:transect:SWLOT1,9,m2,temperate forest,vegetation survey,Switzerland,47.5994267,8.6311939,EPSG:4326,30
Event,en,http://creativecommons.org/publicdomain/zero/1.0/legalcode,Ghent University,,UGent,FORMICA_VEG - Vegetation surveys along edge-to-core transects in open and dense forests in the framework of the Forest Microclimate Assessment (FORMICA) project,FORMICA_VEG:plot:SWLOT1P5,FORMICA_VEG:transect:SWLOT1,9,m2,temperate forest,vegetation survey,Switzerland,47.6000564,8.6314311,EPSG:4326,30
Event,en,http://creativecommons.org/publicdomain/zero/1.0/legalcode,Ghent University,,UGent,FORMICA_VEG - Vegetation surveys along edge-to-core transects in open and dense forests in the framework of the Forest Microclimate Assessment (FORMICA) project,FORMICA_VEG:plot:SWLOT2P1,FORMICA_VEG:transect:SWLOT2,9,m2,temperate forest,vegetation survey,Switzerland,47.5991989,8.6321534,EPSG:4326,30
Event,en,http://creativecommons.org/publicdomain/zero/1.0/legalcode,Ghent University,,UGent,FORMICA_VEG - Vegetation surveys along edge-to-core transects in open and dense forests in the framework of the Forest Microclimate Assessment (FORMICA) project,FORMICA_VEG:plot:SWLOT2P2,FORMICA_VEG:transect:SWLOT2,9,m2,temperate forest,vegetation survey,Switzerland,47.5992532,8.632231,EPSG:4326,30
Event,en,http://creativecommons.org/publicdomain/zero/1.0/legalcode,Ghent University,,UGent,FORMICA_VEG - Vegetation surveys along edge-to-core transects in open and dense forests in the framework of the Forest Microclimate Assessment (FORMICA) project,FORMICA_VEG:plot:SWLOT2P3,FORMICA_VEG:transect:SWLOT2,9,m2,temperate forest,vegetation survey,Switzerland,47.5991804999999,8.6321914,EPSG:4326,30
Event,en,http://creativecommons.org/publicdomain/zero/1.0/legalcode,Ghent University,,UGent,FORMICA_VEG - Vegetation surveys along edge-to-core transects in open and dense forests in the framework of the Forest Microclimate Assessment (FORMICA) project,FORMICA_VEG:plot:SWLOT2P4,FORMICA_VEG:transect:SWLOT2,9,m2,temperate forest,vegetation survey,Switzerland,47.5994439,8.6322162,EPSG:4326,30
Event,en,http://creativecommons.org/publicdomain/zero/1.0/legalcode,Ghent University,,UGent,FORMICA_VEG - Vegetation surveys along edge-to-core transects in open and dense forests in the framework of the Forest Microclimate Assessment (FORMICA) project,FORMICA_VEG:plot:SWLOT2P5,FORMICA_VEG:transect:SWLOT2,9,m2,temperate forest,vegetation survey,Switzerland,47.6000908,8.6322213,EPSG:4326,30
Event,en,http://creativecommons.org/publicdomain/zero/1.0/legalcode,Ghent University,,UGent,FORMICA_VEG - Vegetation surveys along edge-to-core transects in open and dense forests in the framework of the Forest Microclimate Assessment (FORMICA) project,FORMICA_VEG:plot:SWLOT3P1,FORMICA_VEG:transect:SWLOT3,9,m2,temperate forest,vegetation survey,Switzerland,47.5992292,8.6352396,EPSG:4326,30
Event,en,http://creativecommons.org/publicdomain/zero/1.0/legalcode,Ghent University,,UGent,FORMICA_VEG - Vegetation surveys along edge-to-core transects in open and dense forests in the framework of the Forest Microclimate Assessment (FORMICA) project,FORMICA_VEG:plot:SWLOT3P2,FORMICA_VEG:transect:SWLOT3,9,m2,temperate forest,vegetation survey,Switzerland,47.5994042,8.6352973,EPSG:4326,30
Event,en,http://creativecommons.org/publicdomain/zero/1.0/legalcode,Ghent University,,UGent,FORMICA_VEG - Vegetation surveys along edge-to-core transects in open and dense forests in the framework of the Forest Microclimate Assessment (FORMICA) project,FORMICA_VEG:plot:SWLOT3P3,FORMICA_VEG:transect:SWLOT3,9,m2,temperate forest,vegetation survey,Switzerland,47.5995741,8.6352812,EPSG:4326,30
Event,en,http://creativecommons.org/publicdomain/zero/1.0/legalcode,Ghent University,,UGent,FORMICA_VEG - Vegetation surveys along edge-to-core transects in open and dense forests in the framework of the Forest Microclimate Assessment (FORMICA) project,FORMICA_VEG:plot:SWLOT3P4,FORMICA_VEG:transect:SWLOT3,9,m2,temperate forest,vegetation survey,Switzerland,47.5996536,8.6353369,EPSG:4326,30
Event,en,http://creativecommons.org/publicdomain/zero/1.0/legalcode,Ghent University,,UGent,FORMICA_VEG - Vegetation surveys along edge-to-core transects in open and dense forests in the framework of the Forest Microclimate Assessment (FORMICA) project,FORMICA_VEG:plot:SWLOT3P5,FORMICA_VEG:transect:SWLOT3,9,m2,temperate forest,vegetation survey,Switzerland,47.6002035,8.6352291,EPSG:4326,30
Event,en,http://creativecommons.org/publicdomain/zero/1.0/legalcode,Ghent University,,UGent,FORMICA_VEG - Vegetation surveys along edge-to-core transects in open and dense forests in the framework of the Forest Microclimate Assessment (FORMICA) project,FORMICA_VEG:plot:CSLOT1P1,FORMICA_VEG:transect:CSLOT1,9,m2,temperate forest,vegetation survey,Sweden,58.9505848,17.6092881,EPSG:4326,30
Event,en,http://creativecommons.org/publicdomain/zero/1.0/legalcode,Ghent University,,UGent,FORMICA_VEG - Vegetation surveys along edge-to-core transects in open and dense forests in the framework of the Forest Microclimate Assessment (FORMICA) project,FORMICA_VEG:plot:CSLOT1P2,FORMICA_VEG:transect:CSLOT1,9,m2,temperate forest,vegetation survey,Sweden,58.9505697,17.609315,EPSG:4326,30
Event,en,http://creativecommons.org/publicdomain/zero/1.0/legalcode,Ghent University,,UGent,FORMICA_VEG - Vegetation surveys along edge-to-core transects in open and dense forests in the framework of the Forest Microclimate Assessment (FORMICA) project,FORMICA_VEG:plot:CSLOT1P3,FORMICA_VEG:transect:CSLOT1,9,m2,temperate forest,vegetation survey,Sweden,58.9506091,17.6093175,EPSG:4326,30
Event,en,http://creativecommons.org/publicdomain/zero/1.0/legalcode,Ghent University,,UGent,FORMICA_VEG - Vegetation surveys along edge-to-core transects in open and dense forests in the framework of the Forest Microclimate Assessment (FORMICA) project,FORMICA_VEG:plot:CSLOT1P4,FORMICA_VEG:transect:CSLOT1,9,m2,temperate forest,vegetation survey,Sweden,58.9507218,17.6097671,EPSG:4326,30
Event,en,http://creativecommons.org/publicdomain/zero/1.0/legalcode,Ghent University,,UGent,FORMICA_VEG - Vegetation surveys along edge-to-core transects in open and dense forests in the framework of the Forest Microclimate Assessment (FORMICA) project,FORMICA_VEG:plot:CSLOT1P5,FORMICA_VEG:transect:CSLOT1,9,m2,temperate forest,vegetation survey,Sweden,58.9509928,17.6107074,EPSG:4326,30
Event,en,http://creativecommons.org/publicdomain/zero/1.0/legalcode,Ghent University,,UGent,FORMICA_VEG - Vegetation surveys along edge-to-core transects in open and dense forests in the framework of the Forest Microclimate Assessment (FORMICA) project,FORMICA_VEG:plot:CSLOT2P1,FORMICA_VEG:transect:CSLOT2,9,m2,temperate forest,vegetation survey,Sweden,58.9549132,17.1448542,EPSG:4326,30
Event,en,http://creativecommons.org/publicdomain/zero/1.0/legalcode,Ghent University,,UGent,FORMICA_VEG - Vegetation surveys along edge-to-core transects in open and dense forests in the framework of the Forest Microclimate Assessment (FORMICA) project,FORMICA_VEG:plot:CSLOT2P2,FORMICA_VEG:transect:CSLOT2,9,m2,temperate forest,vegetation survey,Sweden,58.9549455,17.1448709,EPSG:4326,30
Event,en,http://creativecommons.org/publicdomain/zero/1.0/legalcode,Ghent University,,UGent,FORMICA_VEG - Vegetation surveys along edge-to-core transects in open and dense forests in the framework of the Forest Microclimate Assessment (FORMICA) project,FORMICA_VEG:plot:CSLOT2P3,FORMICA_VEG:transect:CSLOT2,9,m2,temperate forest,vegetation survey,Sweden,58.9549955,17.1448916,EPSG:4326,30
Event,en,http://creativecommons.org/publicdomain/zero/1.0/legalcode,Ghent University,,UGent,FORMICA_VEG - Vegetation surveys along edge-to-core transects in open and dense forests in the framework of the Forest Microclimate Assessment (FORMICA) project,FORMICA_VEG:plot:CSLOT2P4,FORMICA_VEG:transect:CSLOT2,9,m2,temperate forest,vegetation survey,Sweden,58.9551889,17.1452259,EPSG:4326,30
Event,en,http://creativecommons.org/publicdomain/zero/1.0/legalcode,Ghent University,,UGent,FORMICA_VEG - Vegetation surveys along edge-to-core transects in open and dense forests in the framework of the Forest Microclimate Assessment (FORMICA) project,FORMICA_VEG:plot:CSLOT2P5,FORMICA_VEG:transect:CSLOT2,9,m2,temperate forest,vegetation survey,Sweden,58.9556963,17.1456585,EPSG:4326,30
Event,en,http://creativecommons.org/publicdomain/zero/1.0/legalcode,Ghent University,,UGent,FORMICA_VEG - Vegetation surveys along edge-to-core transects in open and dense forests in the framework of the Forest Microclimate Assessment (FORMICA) project,FORMICA_VEG:plot:CSLOT3P1,FORMICA_VEG:transect:CSLOT3,9,m2,temperate forest,vegetation survey,Sweden,58.9561536,17.1539,EPSG:4326,30
Event,en,http://creativecommons.org/publicdomain/zero/1.0/legalcode,Ghent University,,UGent,FORMICA_VEG - Vegetation surveys along edge-to-core transects in open and dense forests in the framework of the Forest Microclimate Assessment (FORMICA) project,FORMICA_VEG:plot:CSLOT3P2,FORMICA_VEG:transect:CSLOT3,9,m2,temperate forest,vegetation survey,Sweden,58.9561809,17.1538995,EPSG:4326,30
Event,en,http://creativecommons.org/publicdomain/zero/1.0/legalcode,Ghent University,,UGent,FORMICA_VEG - Vegetation surveys along edge-to-core transects in open and dense forests in the framework of the Forest Microclimate Assessment (FORMICA) project,FORMICA_VEG:plot:CSLOT3P3,FORMICA_VEG:transect:CSLOT3,9,m2,temperate forest,vegetation survey,Sweden,58.9562199,17.1536598,EPSG:4326,30
Event,en,http://creativecommons.org/publicdomain/zero/1.0/legalcode,Ghent University,,UGent,FORMICA_VEG - Vegetation surveys along edge-to-core transects in open and dense forests in the framework of the Forest Microclimate Assessment (FORMICA) project,FORMICA_VEG:plot:CSLOT3P4,FORMICA_VEG:transect:CSLOT3,9,m2,temperate forest,vegetation survey,Sweden,58.9563166,17.1533823,EPSG:4326,30
Event,en,http://creativecommons.org/publicdomain/zero/1.0/legalcode,Ghent University,,UGent,FORMICA_VEG - Vegetation surveys along edge-to-core transects in open and dense forests in the framework of the Forest Microclimate Assessment (FORMICA) project,FORMICA_VEG:plot:CSLOT3P5,FORMICA_VEG:transect:CSLOT3,9,m2,temperate forest,vegetation survey,Sweden,58.9566622,17.1528422,EPSG:4326,30
Event,en,http://creativecommons.org/publicdomain/zero/1.0/legalcode,Ghent University,,UGent,FORMICA_VEG - Vegetation surveys along edge-to-core transects in open and dense forests in the framework of the Forest Microclimate Assessment (FORMICA) project,FORMICA_VEG:plot:SSLOT1P1,FORMICA_VEG:transect:SSLOT1,9,m2,temperate forest,vegetation survey,Sweden,55.7323882,13.297938,EPSG:4326,30
Event,en,http://creativecommons.org/publicdomain/zero/1.0/legalcode,Ghent University,,UGent,FORMICA_VEG - Vegetation surveys along edge-to-core transects in open and dense forests in the framework of the Forest Microclimate Assessment (FORMICA) project,FORMICA_VEG:plot:SSLOT1P2,FORMICA_VEG:transect:SSLOT1,9,m2,temperate forest,vegetation survey,Sweden,55.7326738,13.2981833,EPSG:4326,30
Event,en,http://creativecommons.org/publicdomain/zero/1.0/legalcode,Ghent University,,UGent,FORMICA_VEG - Vegetation surveys along edge-to-core transects in open and dense forests in the framework of the Forest Microclimate Assessment (FORMICA) project,FORMICA_VEG:plot:SSLOT1P3,FORMICA_VEG:transect:SSLOT1,9,m2,temperate forest,vegetation survey,Sweden,55.7327058,13.298083,EPSG:4326,30
Event,en,http://creativecommons.org/publicdomain/zero/1.0/legalcode,Ghent University,,UGent,FORMICA_VEG - Vegetation surveys along edge-to-core transects in open and dense forests in the framework of the Forest Microclimate Assessment (FORMICA) project,FORMICA_VEG:plot:SSLOT1P4,FORMICA_VEG:transect:SSLOT1,9,m2,temperate forest,vegetation survey,Sweden,55.7328223999999,13.2983660999999,EPSG:4326,30
Event,en,http://creativecommons.org/publicdomain/zero/1.0/legalcode,Ghent University,,UGent,FORMICA_VEG - Vegetation surveys along edge-to-core transects in open and dense forests in the framework of the Forest Microclimate Assessment (FORMICA) project,FORMICA_VEG:plot:SSLOT1P5,FORMICA_VEG:transect:SSLOT1,9,m2,temperate forest,vegetation survey,Sweden,55.7333643,13.2987479,EPSG:4326,30
Event,en,http://creativecommons.org/publicdomain/zero/1.0/legalcode,Ghent University,,UGent,FORMICA_VEG - Vegetation surveys along edge-to-core transects in open and dense forests in the framework of the Forest Microclimate Assessment (FORMICA) project,FORMICA_VEG:plot:SSLOT2P1,FORMICA_VEG:transect:SSLOT2,9,m2,temperate forest,vegetation survey,Sweden,,,EPSG:4326,30
Event,en,http://creativecommons.org/publicdomain/zero/1.0/legalcode,Ghent University,,UGent,FORMICA_VEG - Vegetation surveys along edge-to-core transects in open and dense forests in the framework of the Forest Microclimate Assessment (FORMICA) project,FORMICA_VEG:plot:SSLOT2P2,FORMICA_VEG:transect:SSLOT2,9,m2,temperate forest,vegetation survey,Sweden,55.8341651,13.4103578,EPSG:4326,30
Event,en,http://creativecommons.org/publicdomain/zero/1.0/legalcode,Ghent University,,UGent,FORMICA_VEG - Vegetation surveys along edge-to-core transects in open and dense forests in the framework of the Forest Microclimate Assessment (FORMICA) project,FORMICA_VEG:plot:SSLOT2P3,FORMICA_VEG:transect:SSLOT2,9,m2,temperate forest,vegetation survey,Sweden,55.8342121,13.4102743,EPSG:4326,30
Event,en,http://creativecommons.org/publicdomain/zero/1.0/legalcode,Ghent University,,UGent,FORMICA_VEG - Vegetation surveys along edge-to-core transects in open and dense forests in the framework of the Forest Microclimate Assessment (FORMICA) project,FORMICA_VEG:plot:SSLOT2P4,FORMICA_VEG:transect:SSLOT2,9,m2,temperate forest,vegetation survey,Sweden,55.8343828,13.4100572,EPSG:4326,30
Event,en,http://creativecommons.org/publicdomain/zero/1.0/legalcode,Ghent University,,UGent,FORMICA_VEG - Vegetation surveys along edge-to-core transects in open and dense forests in the framework of the Forest Microclimate Assessment (FORMICA) project,FORMICA_VEG:plot:SSLOT2P5,FORMICA_VEG:transect:SSLOT2,9,m2,temperate forest,vegetation survey,Sweden,55.8349038,13.4095950999999,EPSG:4326,30
Event,en,http://creativecommons.org/publicdomain/zero/1.0/legalcode,Ghent University,,UGent,FORMICA_VEG - Vegetation surveys along edge-to-core transects in open and dense forests in the framework of the Forest Microclimate Assessment (FORMICA) project,FORMICA_VEG:plot:SSLOT3P1,FORMICA_VEG:transect:SSLOT3,9,m2,temperate forest,vegetation survey,Sweden,55.838414,13.3973253,EPSG:4326,30
Event,en,http://creativecommons.org/publicdomain/zero/1.0/legalcode,Ghent University,,UGent,FORMICA_VEG - Vegetation surveys along edge-to-core transects in open and dense forests in the framework of the Forest Microclimate Assessment (FORMICA) project,FORMICA_VEG:plot:SSLOT3P2,FORMICA_VEG:transect:SSLOT3,9,m2,temperate forest,vegetation survey,Sweden,55.8381982,13.3973839,EPSG:4326,30
Event,en,http://creativecommons.org/publicdomain/zero/1.0/legalcode,Ghent University,,UGent,FORMICA_VEG - Vegetation surveys along edge-to-core transects in open and dense forests in the framework of the Forest Microclimate Assessment (FORMICA) project,FORMICA_VEG:plot:SSLOT3P3,FORMICA_VEG:transect:SSLOT3,9,m2,temperate forest,vegetation survey,Sweden,55.8383022,13.3973409,EPSG:4326,30
Event,en,http://creativecommons.org/publicdomain/zero/1.0/legalcode,Ghent University,,UGent,FORMICA_VEG - Vegetation surveys along edge-to-core transects in open and dense forests in the framework of the Forest Microclimate Assessment (FORMICA) project,FORMICA_VEG:plot:SSLOT3P4,FORMICA_VEG:transect:SSLOT3,9,m2,temperate forest,vegetation survey,Sweden,55.8385042,13.3971497,EPSG:4326,30
Event,en,http://creativecommons.org/publicdomain/zero/1.0/legalcode,Ghent University,,UGent,FORMICA_VEG - Vegetation surveys along edge-to-core transects in open and dense forests in the framework of the Forest Microclimate Assessment (FORMICA) project,FORMICA_VEG:plot:SSLOT3P5,FORMICA_VEG:transect:SSLOT3,9,m2,temperate forest,vegetation survey,Sweden,55.8390406,13.3967767,EPSG:4326,30
Event,en,http://creativecommons.org/publicdomain/zero/1.0/legalcode,Ghent University,,UGent,FORMICA_VEG - Vegetation surveys along edge-to-core transects in open and dense forests in the framework of the Forest Microclimate Assessment (FORMICA) project,FORMICA_VEG:plot:BEMET1P1,FORMICA_VEG:transect:BEMET1,9,m2,temperate forest,vegetation survey,Belgium,50.2283808,5.28330309999999,EPSG:4326,30
Event,en,http://creativecommons.org/publicdomain/zero/1.0/legalcode,Ghent University,,UGent,FORMICA_VEG - Vegetation surveys along edge-to-core transects in open and dense forests in the framework of the Forest Microclimate Assessment (FORMICA) project,FORMICA_VEG:plot:BEMET1P2,FORMICA_VEG:transect:BEMET1,9,m2,temperate forest,vegetation survey,Belgium,50.2283878,5.2832772,EPSG:4326,30
Event,en,http://creativecommons.org/publicdomain/zero/1.0/legalcode,Ghent University,,UGent,FORMICA_VEG - Vegetation surveys along edge-to-core transects in open and dense forests in the framework of the Forest Microclimate Assessment (FORMICA) project,FORMICA_VEG:plot:BEMET1P3,FORMICA_VEG:transect:BEMET1,9,m2,temperate forest,vegetation survey,Belgium,50.2284368,5.2832457,EPSG:4326,30
Event,en,http://creativecommons.org/publicdomain/zero/1.0/legalcode,Ghent University,,UGent,FORMICA_VEG - Vegetation surveys along edge-to-core transects in open and dense forests in the framework of the Forest Microclimate Assessment (FORMICA) project,FORMICA_VEG:plot:BEMET1P4,FORMICA_VEG:transect:BEMET1,9,m2,temperate forest,vegetation survey,Belgium,50.2287404,5.283251,EPSG:4326,30
Event,en,http://creativecommons.org/publicdomain/zero/1.0/legalcode,Ghent University,,UGent,FORMICA_VEG - Vegetation surveys along edge-to-core transects in open and dense forests in the framework of the Forest Microclimate Assessment (FORMICA) project,FORMICA_VEG:plot:BEMET1P5,FORMICA_VEG:transect:BEMET1,9,m2,temperate forest,vegetation survey,Belgium,50.2291975,5.2830458,EPSG:4326,30
Event,en,http://creativecommons.org/publicdomain/zero/1.0/legalcode,Ghent University,,UGent,FORMICA_VEG - Vegetation surveys along edge-to-core transects in open and dense forests in the framework of the Forest Microclimate Assessment (FORMICA) project,FORMICA_VEG:plot:BEMET2P1,FORMICA_VEG:transect:BEMET2,9,m2,temperate forest,vegetation survey,Belgium,50.2315191,5.2888073,EPSG:4326,30
Event,en,http://creativecommons.org/publicdomain/zero/1.0/legalcode,Ghent University,,UGent,FORMICA_VEG - Vegetation surveys along edge-to-core transects in open and dense forests in the framework of the Forest Microclimate Assessment (FORMICA) project,FORMICA_VEG:plot:BEMET2P2,FORMICA_VEG:transect:BEMET2,9,m2,temperate forest,vegetation survey,Belgium,50.231592,5.2887906,EPSG:4326,30
Event,en,http://creativecommons.org/publicdomain/zero/1.0/legalcode,Ghent University,,UGent,FORMICA_VEG - Vegetation surveys along edge-to-core transects in open and dense forests in the framework of the Forest Microclimate Assessment (FORMICA) project,FORMICA_VEG:plot:BEMET2P3,FORMICA_VEG:transect:BEMET2,9,m2,temperate forest,vegetation survey,Belgium,50.2315707,5.2886968,EPSG:4326,30
Event,en,http://creativecommons.org/publicdomain/zero/1.0/legalcode,Ghent University,,UGent,FORMICA_VEG - Vegetation surveys along edge-to-core transects in open and dense forests in the framework of the Forest Microclimate Assessment (FORMICA) project,FORMICA_VEG:plot:BEMET2P4,FORMICA_VEG:transect:BEMET2,9,m2,temperate forest,vegetation survey,Belgium,50.2317276,5.2884327,EPSG:4326,30
Event,en,http://creativecommons.org/publicdomain/zero/1.0/legalcode,Ghent University,,UGent,FORMICA_VEG - Vegetation surveys along edge-to-core transects in open and dense forests in the framework of the Forest Microclimate Assessment (FORMICA) project,FORMICA_VEG:plot:BEMET2P5,FORMICA_VEG:transect:BEMET2,9,m2,temperate forest,vegetation survey,Belgium,50.2321425,5.2877358,EPSG:4326,30
Event,en,http://creativecommons.org/publicdomain/zero/1.0/legalcode,Ghent University,,UGent,FORMICA_VEG - Vegetation surveys along edge-to-core transects in open and dense forests in the framework of the Forest Microclimate Assessment (FORMICA) project,FORMICA_VEG:plot:BEMET3P1,FORMICA_VEG:transect:BEMET3,9,m2,temperate forest,vegetation survey,Belgium,50.2306984,5.2879426,EPSG:4326,30
Event,en,http://creativecommons.org/publicdomain/zero/1.0/legalcode,Ghent University,,UGent,FORMICA_VEG - Vegetation surveys along edge-to-core transects in open and dense forests in the framework of the Forest Microclimate Assessment (FORMICA) project,FORMICA_VEG:plot:BEMET3P2,FORMICA_VEG:transect:BEMET3,9,m2,temperate forest,vegetation survey,Belgium,50.2306719,5.2879439,EPSG:4326,30
Event,en,http://creativecommons.org/publicdomain/zero/1.0/legalcode,Ghent University,,UGent,FORMICA_VEG - Vegetation surveys along edge-to-core transects in open and dense forests in the framework of the Forest Microclimate Assessment (FORMICA) project,FORMICA_VEG:plot:BEMET3P3,FORMICA_VEG:transect:BEMET3,9,m2,temperate forest,vegetation survey,Belgium,50.2306929,5.2878152,EPSG:4326,30
Event,en,http://creativecommons.org/publicdomain/zero/1.0/legalcode,Ghent University,,UGent,FORMICA_VEG - Vegetation surveys along edge-to-core transects in open and dense forests in the framework of the Forest Microclimate Assessment (FORMICA) project,FORMICA_VEG:plot:BEMET3P4,FORMICA_VEG:transect:BEMET3,9,m2,temperate forest,vegetation survey,Belgium,50.230802,5.2875321,EPSG:4326,30
Event,en,http://creativecommons.org/publicdomain/zero/1.0/legalcode,Ghent University,,UGent,FORMICA_VEG - Vegetation surveys along edge-to-core transects in open and dense forests in the framework of the Forest Microclimate Assessment (FORMICA) project,FORMICA_VEG:plot:BEMET3P5,FORMICA_VEG:transect:BEMET3,9,m2,temperate forest,vegetation survey,Belgium,50.2309352,5.2866514,EPSG:4326,30
Event,en,http://creativecommons.org/publicdomain/zero/1.0/legalcode,Ghent University,,UGent,FORMICA_VEG - Vegetation surveys along edge-to-core transects in open and dense forests in the framework of the Forest Microclimate Assessment (FORMICA) project,FORMICA_VEG:plot:BEHIT1P1,FORMICA_VEG:transect:BEHIT1,9,m2,temperate forest,vegetation survey,Belgium,50.5767564,5.9394485,EPSG:4326,30
Event,en,http://creativecommons.org/publicdomain/zero/1.0/legalcode,Ghent University,,UGent,FORMICA_VEG - Vegetation surveys along edge-to-core transects in open and dense forests in the framework of the Forest Microclimate Assessment (FORMICA) project,FORMICA_VEG:plot:BEHIT1P2,FORMICA_VEG:transect:BEHIT1,9,m2,temperate forest,vegetation survey,Belgium,50.5768838,5.9394418,EPSG:4326,30
Event,en,http://creativecommons.org/publicdomain/zero/1.0/legalcode,Ghent University,,UGent,FORMICA_VEG - Vegetation surveys along edge-to-core transects in open and dense forests in the framework of the Forest Microclimate Assessment (FORMICA) project,FORMICA_VEG:plot:BEHIT1P3,FORMICA_VEG:transect:BEHIT1,9,m2,temperate forest,vegetation survey,Belgium,50.5769375,5.9395272,EPSG:4326,30
Event,en,http://creativecommons.org/publicdomain/zero/1.0/legalcode,Ghent University,,UGent,FORMICA_VEG - Vegetation surveys along edge-to-core transects in open and dense forests in the framework of the Forest Microclimate Assessment (FORMICA) project,FORMICA_VEG:plot:BEHIT1P4,FORMICA_VEG:transect:BEHIT1,9,m2,temperate forest,vegetation survey,Belgium,50.5772165,5.9396408,EPSG:4326,30
Event,en,http://creativecommons.org/publicdomain/zero/1.0/legalcode,Ghent University,,UGent,FORMICA_VEG - Vegetation surveys along edge-to-core transects in open and dense forests in the framework of the Forest Microclimate Assessment (FORMICA) project,FORMICA_VEG:plot:BEHIT1P5,FORMICA_VEG:transect:BEHIT1,9,m2,temperate forest,vegetation survey,Belgium,50.5777125,5.9397999,EPSG:4326,30
Event,en,http://creativecommons.org/publicdomain/zero/1.0/legalcode,Ghent University,,UGent,FORMICA_VEG - Vegetation surveys along edge-to-core transects in open and dense forests in the framework of the Forest Microclimate Assessment (FORMICA) project,FORMICA_VEG:plot:BEHIT2P1,FORMICA_VEG:transect:BEHIT2,9,m2,temperate forest,vegetation survey,Belgium,50.5773682999999,5.9372052,EPSG:4326,30
Event,en,http://creativecommons.org/publicdomain/zero/1.0/legalcode,Ghent University,,UGent,FORMICA_VEG - Vegetation surveys along edge-to-core transects in open and dense forests in the framework of the Forest Microclimate Assessment (FORMICA) project,FORMICA_VEG:plot:BEHIT2P2,FORMICA_VEG:transect:BEHIT2,9,m2,temperate forest,vegetation survey,Belgium,50.5774113999999,5.9371675,EPSG:4326,30
Event,en,http://creativecommons.org/publicdomain/zero/1.0/legalcode,Ghent University,,UGent,FORMICA_VEG - Vegetation surveys along edge-to-core transects in open and dense forests in the framework of the Forest Microclimate Assessment (FORMICA) project,FORMICA_VEG:plot:BEHIT2P3,FORMICA_VEG:transect:BEHIT2,9,m2,temperate forest,vegetation survey,Belgium,50.577484,5.9371635,EPSG:4326,30
Event,en,http://creativecommons.org/publicdomain/zero/1.0/legalcode,Ghent University,,UGent,FORMICA_VEG - Vegetation surveys along edge-to-core transects in open and dense forests in the framework of the Forest Microclimate Assessment (FORMICA) project,FORMICA_VEG:plot:BEHIT2P4,FORMICA_VEG:transect:BEHIT2,9,m2,temperate forest,vegetation survey,Belgium,50.5776856999999,5.9374266,EPSG:4326,30
Event,en,http://creativecommons.org/publicdomain/zero/1.0/legalcode,Ghent University,,UGent,FORMICA_VEG - Vegetation surveys along edge-to-core transects in open and dense forests in the framework of the Forest Microclimate Assessment (FORMICA) project,FORMICA_VEG:plot:BEHIT2P5,FORMICA_VEG:transect:BEHIT2,9,m2,temperate forest,vegetation survey,Belgium,50.5782086,5.9377273,EPSG:4326,30
Event,en,http://creativecommons.org/publicdomain/zero/1.0/legalcode,Ghent University,,UGent,FORMICA_VEG - Vegetation surveys along edge-to-core transects in open and dense forests in the framework of the Forest Microclimate Assessment (FORMICA) project,FORMICA_VEG:plot:BEHIT3P1,FORMICA_VEG:transect:BEHIT3,9,m2,temperate forest,vegetation survey,Belgium,50.5189109,5.8927511,EPSG:4326,30
Event,en,http://creativecommons.org/publicdomain/zero/1.0/legalcode,Ghent University,,UGent,FORMICA_VEG - Vegetation surveys along edge-to-core transects in open and dense forests in the framework of the Forest Microclimate Assessment (FORMICA) project,FORMICA_VEG:plot:BEHIT3P2,FORMICA_VEG:transect:BEHIT3,9,m2,temperate forest,vegetation survey,Belgium,50.5188937,5.892781,EPSG:4326,30
Event,en,http://creativecommons.org/publicdomain/zero/1.0/legalcode,Ghent University,,UGent,FORMICA_VEG - Vegetation surveys along edge-to-core transects in open and dense forests in the framework of the Forest Microclimate Assessment (FORMICA) project,FORMICA_VEG:plot:BEHIT3P3,FORMICA_VEG:transect:BEHIT3,9,m2,temperate forest,vegetation survey,Belgium,50.518951,5.8927373,EPSG:4326,30
Event,en,http://creativecommons.org/publicdomain/zero/1.0/legalcode,Ghent University,,UGent,FORMICA_VEG - Vegetation surveys along edge-to-core transects in open and dense forests in the framework of the Forest Microclimate Assessment (FORMICA) project,FORMICA_VEG:plot:BEHIT3P4,FORMICA_VEG:transect:BEHIT3,9,m2,temperate forest,vegetation survey,Belgium,50.5191245,5.8926399,EPSG:4326,30
Event,en,http://creativecommons.org/publicdomain/zero/1.0/legalcode,Ghent University,,UGent,FORMICA_VEG - Vegetation surveys along edge-to-core transects in open and dense forests in the framework of the Forest Microclimate Assessment (FORMICA) project,FORMICA_VEG:plot:BEHIT3P5,FORMICA_VEG:transect:BEHIT3,9,m2,temperate forest,vegetation survey,Belgium,50.5193993,5.8921311,EPSG:4326,30
Event,en,http://creativecommons.org/publicdomain/zero/1.0/legalcode,Ghent University,,UGent,FORMICA_VEG - Vegetation surveys along edge-to-core transects in open and dense forests in the framework of the Forest Microclimate Assessment (FORMICA) project,FORMICA_VEG:plot:NOMET1P1,FORMICA_VEG:transect:NOMET1,9,m2,temperate forest,vegetation survey,Norway,62.5748081,9.1446329,EPSG:4326,30
Event,en,http://creativecommons.org/publicdomain/zero/1.0/legalcode,Ghent University,,UGent,FORMICA_VEG - Vegetation surveys along edge-to-core transects in open and dense forests in the framework of the Forest Microclimate Assessment (FORMICA) project,FORMICA_VEG:plot:NOMET1P2,FORMICA_VEG:transect:NOMET1,9,m2,temperate forest,vegetation survey,Norway,62.5747741,9.1445335,EPSG:4326,30
Event,en,http://creativecommons.org/publicdomain/zero/1.0/legalcode,Ghent University,,UGent,FORMICA_VEG - Vegetation surveys along edge-to-core transects in open and dense forests in the framework of the Forest Microclimate Assessment (FORMICA) project,FORMICA_VEG:plot:NOMET1P3,FORMICA_VEG:transect:NOMET1,9,m2,temperate forest,vegetation survey,Norway,62.5749259,9.144617,EPSG:4326,30
Event,en,http://creativecommons.org/publicdomain/zero/1.0/legalcode,Ghent University,,UGent,FORMICA_VEG - Vegetation surveys along edge-to-core transects in open and dense forests in the framework of the Forest Microclimate Assessment (FORMICA) project,FORMICA_VEG:plot:NOMET1P4,FORMICA_VEG:transect:NOMET1,9,m2,temperate forest,vegetation survey,Norway,62.5749752,9.1446756,EPSG:4326,30
Event,en,http://creativecommons.org/publicdomain/zero/1.0/legalcode,Ghent University,,UGent,FORMICA_VEG - Vegetation surveys along edge-to-core transects in open and dense forests in the framework of the Forest Microclimate Assessment (FORMICA) project,FORMICA_VEG:plot:NOMET1P5,FORMICA_VEG:transect:NOMET1,9,m2,temperate forest,vegetation survey,Norway,62.5755241,9.1448686,EPSG:4326,30
Event,en,http://creativecommons.org/publicdomain/zero/1.0/legalcode,Ghent University,,UGent,FORMICA_VEG - Vegetation surveys along edge-to-core transects in open and dense forests in the framework of the Forest Microclimate Assessment (FORMICA) project,FORMICA_VEG:plot:NOMET2P1,FORMICA_VEG:transect:NOMET2,9,m2,temperate forest,vegetation survey,Norway,62.5635474,9.0788985,EPSG:4326,30
Event,en,http://creativecommons.org/publicdomain/zero/1.0/legalcode,Ghent University,,UGent,FORMICA_VEG - Vegetation surveys along edge-to-core transects in open and dense forests in the framework of the Forest Microclimate Assessment (FORMICA) project,FORMICA_VEG:plot:NOMET2P2,FORMICA_VEG:transect:NOMET2,9,m2,temperate forest,vegetation survey,Norway,62.5635292,9.0788217,EPSG:4326,30
Event,en,http://creativecommons.org/publicdomain/zero/1.0/legalcode,Ghent University,,UGent,FORMICA_VEG - Vegetation surveys along edge-to-core transects in open and dense forests in the framework of the Forest Microclimate Assessment (FORMICA) project,FORMICA_VEG:plot:NOMET2P3,FORMICA_VEG:transect:NOMET2,9,m2,temperate forest,vegetation survey,Norway,62.5635974,9.0790284,EPSG:4326,30
Event,en,http://creativecommons.org/publicdomain/zero/1.0/legalcode,Ghent University,,UGent,FORMICA_VEG - Vegetation surveys along edge-to-core transects in open and dense forests in the framework of the Forest Microclimate Assessment (FORMICA) project,FORMICA_VEG:plot:NOMET2P4,FORMICA_VEG:transect:NOMET2,9,m2,temperate forest,vegetation survey,Norway,62.5639335,9.0788834,EPSG:4326,30
Event,en,http://creativecommons.org/publicdomain/zero/1.0/legalcode,Ghent University,,UGent,FORMICA_VEG - Vegetation surveys along edge-to-core transects in open and dense forests in the framework of the Forest Microclimate Assessment (FORMICA) project,FORMICA_VEG:plot:NOMET2P5,FORMICA_VEG:transect:NOMET2,9,m2,temperate forest,vegetation survey,Norway,62.564248,9.0785138,EPSG:4326,30
Event,en,http://creativecommons.org/publicdomain/zero/1.0/legalcode,Ghent University,,UGent,FORMICA_VEG - Vegetation surveys along edge-to-core transects in open and dense forests in the framework of the Forest Microclimate Assessment (FORMICA) project,FORMICA_VEG:plot:NOMET3P1,FORMICA_VEG:transect:NOMET3,9,m2,temperate forest,vegetation survey,Norway,62.5715511,9.1325681,EPSG:4326,30
Event,en,http://creativecommons.org/publicdomain/zero/1.0/legalcode,Ghent University,,UGent,FORMICA_VEG - Vegetation surveys along edge-to-core transects in open and dense forests in the framework of the Forest Microclimate Assessment (FORMICA) project,FORMICA_VEG:plot:NOMET3P2,FORMICA_VEG:transect:NOMET3,9,m2,temperate forest,vegetation survey,Norway,62.5715607,9.1326015,EPSG:4326,30
Event,en,http://creativecommons.org/publicdomain/zero/1.0/legalcode,Ghent University,,UGent,FORMICA_VEG - Vegetation surveys along edge-to-core transects in open and dense forests in the framework of the Forest Microclimate Assessment (FORMICA) project,FORMICA_VEG:plot:NOMET3P3,FORMICA_VEG:transect:NOMET3,9,m2,temperate forest,vegetation survey,Norway,62.5716369,9.132595,EPSG:4326,30
Event,en,http://creativecommons.org/publicdomain/zero/1.0/legalcode,Ghent University,,UGent,FORMICA_VEG - Vegetation surveys along edge-to-core transects in open and dense forests in the framework of the Forest Microclimate Assessment (FORMICA) project,FORMICA_VEG:plot:NOMET3P4,FORMICA_VEG:transect:NOMET3,9,m2,temperate forest,vegetation survey,Norway,62.5717429,9.1327486,EPSG:4326,30
Event,en,http://creativecommons.org/publicdomain/zero/1.0/legalcode,Ghent University,,UGent,FORMICA_VEG - Vegetation surveys along edge-to-core transects in open and dense forests in the framework of the Forest Microclimate Assessment (FORMICA) project,FORMICA_VEG:plot:NOMET3P5,FORMICA_VEG:transect:NOMET3,9,m2,temperate forest,vegetation survey,Norway,62.5723379,9.1324444,EPSG:4326,30
Event,en,http://creativecommons.org/publicdomain/zero/1.0/legalcode,Ghent University,,UGent,FORMICA_VEG - Vegetation surveys along edge-to-core transects in open and dense forests in the framework of the Forest Microclimate Assessment (FORMICA) project,FORMICA_VEG:plot:NOHIT1P1,FORMICA_VEG:transect:NOHIT1,9,m2,temperate forest,vegetation survey,Norway,62.6055178999999,9.430391,EPSG:4326,30
Event,en,http://creativecommons.org/publicdomain/zero/1.0/legalcode,Ghent University,,UGent,FORMICA_VEG - Vegetation surveys along edge-to-core transects in open and dense forests in the framework of the Forest Microclimate Assessment (FORMICA) project,FORMICA_VEG:plot:NOHIT1P2,FORMICA_VEG:transect:NOHIT1,9,m2,temperate forest,vegetation survey,Norway,62.6055568,9.4303811,EPSG:4326,30
Event,en,http://creativecommons.org/publicdomain/zero/1.0/legalcode,Ghent University,,UGent,FORMICA_VEG - Vegetation surveys along edge-to-core transects in open and dense forests in the framework of the Forest Microclimate Assessment (FORMICA) project,FORMICA_VEG:plot:NOHIT1P3,FORMICA_VEG:transect:NOHIT1,9,m2,temperate forest,vegetation survey,Norway,62.6056335,9.4302895,EPSG:4326,30
Event,en,http://creativecommons.org/publicdomain/zero/1.0/legalcode,Ghent University,,UGent,FORMICA_VEG - Vegetation surveys along edge-to-core transects in open and dense forests in the framework of the Forest Microclimate Assessment (FORMICA) project,FORMICA_VEG:plot:NOHIT1P4,FORMICA_VEG:transect:NOHIT1,9,m2,temperate forest,vegetation survey,Norway,62.6057994,9.430078,EPSG:4326,30
Event,en,http://creativecommons.org/publicdomain/zero/1.0/legalcode,Ghent University,,UGent,FORMICA_VEG - Vegetation surveys along edge-to-core transects in open and dense forests in the framework of the Forest Microclimate Assessment (FORMICA) project,FORMICA_VEG:plot:NOHIT1P5,FORMICA_VEG:transect:NOHIT1,9,m2,temperate forest,vegetation survey,Norway,62.6062725,9.4294914,EPSG:4326,30
Event,en,http://creativecommons.org/publicdomain/zero/1.0/legalcode,Ghent University,,UGent,FORMICA_VEG - Vegetation surveys along edge-to-core transects in open and dense forests in the framework of the Forest Microclimate Assessment (FORMICA) project,FORMICA_VEG:plot:NOHIT2P1,FORMICA_VEG:transect:NOHIT2,9,m2,temperate forest,vegetation survey,Norway,62.5897578,9.3929331,EPSG:4326,30
Event,en,http://creativecommons.org/publicdomain/zero/1.0/legalcode,Ghent University,,UGent,FORMICA_VEG - Vegetation surveys along edge-to-core transects in open and dense forests in the framework of the Forest Microclimate Assessment (FORMICA) project,FORMICA_VEG:plot:NOHIT2P2,FORMICA_VEG:transect:NOHIT2,9,m2,temperate forest,vegetation survey,Norway,62.5896555,9.3929527,EPSG:4326,30
Event,en,http://creativecommons.org/publicdomain/zero/1.0/legalcode,Ghent University,,UGent,FORMICA_VEG - Vegetation surveys along edge-to-core transects in open and dense forests in the framework of the Forest Microclimate Assessment (FORMICA) project,FORMICA_VEG:plot:NOHIT2P3,FORMICA_VEG:transect:NOHIT2,9,m2,temperate forest,vegetation survey,Norway,62.589794,9.3930375,EPSG:4326,30
Event,en,http://creativecommons.org/publicdomain/zero/1.0/legalcode,Ghent University,,UGent,FORMICA_VEG - Vegetation surveys along edge-to-core transects in open and dense forests in the framework of the Forest Microclimate Assessment (FORMICA) project,FORMICA_VEG:plot:NOHIT2P4,FORMICA_VEG:transect:NOHIT2,9,m2,temperate forest,vegetation survey,Norway,62.5899063,9.3929169,EPSG:4326,30
Event,en,http://creativecommons.org/publicdomain/zero/1.0/legalcode,Ghent University,,UGent,FORMICA_VEG - Vegetation surveys along edge-to-core transects in open and dense forests in the framework of the Forest Microclimate Assessment (FORMICA) project,FORMICA_VEG:plot:NOHIT2P5,FORMICA_VEG:transect:NOHIT2,9,m2,temperate forest,vegetation survey,Norway,62.5904889,9.3926879,EPSG:4326,30
Event,en,http://creativecommons.org/publicdomain/zero/1.0/legalcode,Ghent University,,UGent,FORMICA_VEG - Vegetation surveys along edge-to-core transects in open and dense forests in the framework of the Forest Microclimate Assessment (FORMICA) project,FORMICA_VEG:plot:NOHIT3P1,FORMICA_VEG:transect:NOHIT3,9,m2,temperate forest,vegetation survey,Norway,62.6045302,9.4270965,EPSG:4326,30
Event,en,http://creativecommons.org/publicdomain/zero/1.0/legalcode,Ghent University,,UGent,FORMICA_VEG - Vegetation surveys along edge-to-core transects in open and dense forests in the framework of the Forest Microclimate Assessment (FORMICA) project,FORMICA_VEG:plot:NOHIT3P2,FORMICA_VEG:transect:NOHIT3,9,m2,temperate forest,vegetation survey,Norway,62.6044752,9.4271955,EPSG:4326,30
Event,en,http://creativecommons.org/publicdomain/zero/1.0/legalcode,Ghent University,,UGent,FORMICA_VEG - Vegetation surveys along edge-to-core transects in open and dense forests in the framework of the Forest Microclimate Assessment (FORMICA) project,FORMICA_VEG:plot:NOHIT3P3,FORMICA_VEG:transect:NOHIT3,9,m2,temperate forest,vegetation survey,Norway,62.6046371,9.4270633,EPSG:4326,30
Event,en,http://creativecommons.org/publicdomain/zero/1.0/legalcode,Ghent University,,UGent,FORMICA_VEG - Vegetation surveys along edge-to-core transects in open and dense forests in the framework of the Forest Microclimate Assessment (FORMICA) project,FORMICA_VEG:plot:NOHIT3P4,FORMICA_VEG:transect:NOHIT3,9,m2,temperate forest,vegetation survey,Norway,62.6048047,9.4269153,EPSG:4326,30
Event,en,http://creativecommons.org/publicdomain/zero/1.0/legalcode,Ghent University,,UGent,FORMICA_VEG - Vegetation surveys along edge-to-core transects in open and dense forests in the framework of the Forest Microclimate Assessment (FORMICA) project,FORMICA_VEG:plot:NOHIT3P5,FORMICA_VEG:transect:NOHIT3,9,m2,temperate forest,vegetation survey,Norway,62.6053564,9.4270084,EPSG:4326,30
Event,en,http://creativecommons.org/publicdomain/zero/1.0/legalcode,Ghent University,,UGent,FORMICA_VEG - Vegetation surveys along edge-to-core transects in open and dense forests in the framework of the Forest Microclimate Assessment (FORMICA) project,FORMICA_VEG:plot:NOLOT1P1,FORMICA_VEG:transect:NOLOT1,9,m2,temperate forest,vegetation survey,Norway,63.3713487,10.0857833,EPSG:4326,30
Event,en,http://creativecommons.org/publicdomain/zero/1.0/legalcode,Ghent University,,UGent,FORMICA_VEG - Vegetation surveys along edge-to-core transects in open and dense forests in the framework of the Forest Microclimate Assessment (FORMICA) project,FORMICA_VEG:plot:NOLOT1P2,FORMICA_VEG:transect:NOLOT1,9,m2,temperate forest,vegetation survey,Norway,63.3713491,10.0857382,EPSG:4326,30
Event,en,http://creativecommons.org/publicdomain/zero/1.0/legalcode,Ghent University,,UGent,FORMICA_VEG - Vegetation surveys along edge-to-core transects in open and dense forests in the framework of the Forest Microclimate Assessment (FORMICA) project,FORMICA_VEG:plot:NOLOT1P3,FORMICA_VEG:transect:NOLOT1,9,m2,temperate forest,vegetation survey,Norway,63.3713941,10.0858101,EPSG:4326,30
Event,en,http://creativecommons.org/publicdomain/zero/1.0/legalcode,Ghent University,,UGent,FORMICA_VEG - Vegetation surveys along edge-to-core transects in open and dense forests in the framework of the Forest Microclimate Assessment (FORMICA) project,FORMICA_VEG:plot:NOLOT1P4,FORMICA_VEG:transect:NOLOT1,9,m2,temperate forest,vegetation survey,Norway,63.3715208,10.0859928999999,EPSG:4326,30
Event,en,http://creativecommons.org/publicdomain/zero/1.0/legalcode,Ghent University,,UGent,FORMICA_VEG - Vegetation surveys along edge-to-core transects in open and dense forests in the framework of the Forest Microclimate Assessment (FORMICA) project,FORMICA_VEG:plot:NOLOT1P5,FORMICA_VEG:transect:NOLOT1,9,m2,temperate forest,vegetation survey,Norway,63.3717031,10.086252,EPSG:4326,30
Event,en,http://creativecommons.org/publicdomain/zero/1.0/legalcode,Ghent University,,UGent,FORMICA_VEG - Vegetation surveys along edge-to-core transects in open and dense forests in the framework of the Forest Microclimate Assessment (FORMICA) project,FORMICA_VEG:plot:NOLOT2P1,FORMICA_VEG:transect:NOLOT2,9,m2,temperate forest,vegetation survey,Norway,63.3464746,10.2283276,EPSG:4326,30
Event,en,http://creativecommons.org/publicdomain/zero/1.0/legalcode,Ghent University,,UGent,FORMICA_VEG - Vegetation surveys along edge-to-core transects in open and dense forests in the framework of the Forest Microclimate Assessment (FORMICA) project,FORMICA_VEG:plot:NOLOT2P2,FORMICA_VEG:transect:NOLOT2,9,m2,temperate forest,vegetation survey,Norway,63.3464747,10.2283347999999,EPSG:4326,30
Event,en,http://creativecommons.org/publicdomain/zero/1.0/legalcode,Ghent University,,UGent,FORMICA_VEG - Vegetation surveys along edge-to-core transects in open and dense forests in the framework of the Forest Microclimate Assessment (FORMICA) project,FORMICA_VEG:plot:NOLOT2P3,FORMICA_VEG:transect:NOLOT2,9,m2,temperate forest,vegetation survey,Norway,63.3465375,10.2284873,EPSG:4326,30
Event,en,http://creativecommons.org/publicdomain/zero/1.0/legalcode,Ghent University,,UGent,FORMICA_VEG - Vegetation surveys along edge-to-core transects in open and dense forests in the framework of the Forest Microclimate Assessment (FORMICA) project,FORMICA_VEG:plot:NOLOT2P4,FORMICA_VEG:transect:NOLOT2,9,m2,temperate forest,vegetation survey,Norway,63.3468278,10.2285,EPSG:4326,30
Event,en,http://creativecommons.org/publicdomain/zero/1.0/legalcode,Ghent University,,UGent,FORMICA_VEG - Vegetation surveys along edge-to-core transects in open and dense forests in the framework of the Forest Microclimate Assessment (FORMICA) project,FORMICA_VEG:plot:NOLOT2P5,FORMICA_VEG:transect:NOLOT2,9,m2,temperate forest,vegetation survey,Norway,63.3472434,10.2287405,EPSG:4326,30
Event,en,http://creativecommons.org/publicdomain/zero/1.0/legalcode,Ghent University,,UGent,FORMICA_VEG - Vegetation surveys along edge-to-core transects in open and dense forests in the framework of the Forest Microclimate Assessment (FORMICA) project,FORMICA_VEG:plot:NOLOT3P1,FORMICA_VEG:transect:NOLOT3,9,m2,temperate forest,vegetation survey,Norway,63.5038447,9.9344985,EPSG:4326,30
Event,en,http://creativecommons.org/publicdomain/zero/1.0/legalcode,Ghent University,,UGent,FORMICA_VEG - Vegetation surveys along edge-to-core transects in open and dense forests in the framework of the Forest Microclimate Assessment (FORMICA) project,FORMICA_VEG:plot:NOLOT3P2,FORMICA_VEG:transect:NOLOT3,9,m2,temperate forest,vegetation survey,Norway,63.503853,9.9345343,EPSG:4326,30
Event,en,http://creativecommons.org/publicdomain/zero/1.0/legalcode,Ghent University,,UGent,FORMICA_VEG - Vegetation surveys along edge-to-core transects in open and dense forests in the framework of the Forest Microclimate Assessment (FORMICA) project,FORMICA_VEG:plot:NOLOT3P3,FORMICA_VEG:transect:NOLOT3,9,m2,temperate forest,vegetation survey,Norway,63.5038878999999,9.93467259999999,EPSG:4326,30
Event,en,http://creativecommons.org/publicdomain/zero/1.0/legalcode,Ghent University,,UGent,FORMICA_VEG - Vegetation surveys along edge-to-core transects in open and dense forests in the framework of the Forest Microclimate Assessment (FORMICA) project,FORMICA_VEG:plot:NOLOT3P4,FORMICA_VEG:transect:NOLOT3,9,m2,temperate forest,vegetation survey,Norway,63.5041036,9.9345509,EPSG:4326,30
Event,en,http://creativecommons.org/publicdomain/zero/1.0/legalcode,Ghent University,,UGent,FORMICA_VEG - Vegetation surveys along edge-to-core transects in open and dense forests in the framework of the Forest Microclimate Assessment (FORMICA) project,FORMICA_VEG:plot:NOLOT3P5,FORMICA_VEG:transect:NOLOT3,9,m2,temperate forest,vegetation survey,Norway,63.5046539,9.9342166,EPSG:4326,30
Event,en,http://creativecommons.org/publicdomain/zero/1.0/legalcode,Ghent University,,UGent,FORMICA_VEG - Vegetation surveys along edge-to-core transects in open and dense forests in the framework of the Forest Microclimate Assessment (FORMICA) project,FORMICA_VEG:plot:ITMET1P1,FORMICA_VEG:transect:ITMET1,9,m2,temperate forest,vegetation survey,Italy,43.1766764,11.0361621,EPSG:4326,30
Event,en,http://creativecommons.org/publicdomain/zero/1.0/legalcode,Ghent University,,UGent,FORMICA_VEG - Vegetation surveys along edge-to-core transects in open and dense forests in the framework of the Forest Microclimate Assessment (FORMICA) project,FORMICA_VEG:plot:ITMET1P2,FORMICA_VEG:transect:ITMET1,9,m2,temperate forest,vegetation survey,Italy,43.1767491,11.0361865,EPSG:4326,30
Event,en,http://creativecommons.org/publicdomain/zero/1.0/legalcode,Ghent University,,UGent,FORMICA_VEG - Vegetation surveys along edge-to-core transects in open and dense forests in the framework of the Forest Microclimate Assessment (FORMICA) project,FORMICA_VEG:plot:ITMET1P3,FORMICA_VEG:transect:ITMET1,9,m2,temperate forest,vegetation survey,Italy,43.1767886,11.0361876,EPSG:4326,30
Event,en,http://creativecommons.org/publicdomain/zero/1.0/legalcode,Ghent University,,UGent,FORMICA_VEG - Vegetation surveys along edge-to-core transects in open and dense forests in the framework of the Forest Microclimate Assessment (FORMICA) project,FORMICA_VEG:plot:ITMET1P4,FORMICA_VEG:transect:ITMET1,9,m2,temperate forest,vegetation survey,Italy,43.1769256,11.0364697,EPSG:4326,30
Event,en,http://creativecommons.org/publicdomain/zero/1.0/legalcode,Ghent University,,UGent,FORMICA_VEG - Vegetation surveys along edge-to-core transects in open and dense forests in the framework of the Forest Microclimate Assessment (FORMICA) project,FORMICA_VEG:plot:ITMET1P5,FORMICA_VEG:transect:ITMET1,9,m2,temperate forest,vegetation survey,Italy,43.1774663,11.0366809,EPSG:4326,30
Event,en,http://creativecommons.org/publicdomain/zero/1.0/legalcode,Ghent University,,UGent,FORMICA_VEG - Vegetation surveys along edge-to-core transects in open and dense forests in the framework of the Forest Microclimate Assessment (FORMICA) project,FORMICA_VEG:plot:ITMET2P1,FORMICA_VEG:transect:ITMET2,9,m2,temperate forest,vegetation survey,Italy,43.0519901,11.0128024,EPSG:4326,30
Event,en,http://creativecommons.org/publicdomain/zero/1.0/legalcode,Ghent University,,UGent,FORMICA_VEG - Vegetation surveys along edge-to-core transects in open and dense forests in the framework of the Forest Microclimate Assessment (FORMICA) project,FORMICA_VEG:plot:ITMET2P2,FORMICA_VEG:transect:ITMET2,9,m2,temperate forest,vegetation survey,Italy,43.0519946,11.012899,EPSG:4326,30
Event,en,http://creativecommons.org/publicdomain/zero/1.0/legalcode,Ghent University,,UGent,FORMICA_VEG - Vegetation surveys along edge-to-core transects in open and dense forests in the framework of the Forest Microclimate Assessment (FORMICA) project,FORMICA_VEG:plot:ITMET2P3,FORMICA_VEG:transect:ITMET2,9,m2,temperate forest,vegetation survey,Italy,43.0521029,11.0129166,EPSG:4326,30
Event,en,http://creativecommons.org/publicdomain/zero/1.0/legalcode,Ghent University,,UGent,FORMICA_VEG - Vegetation surveys along edge-to-core transects in open and dense forests in the framework of the Forest Microclimate Assessment (FORMICA) project,FORMICA_VEG:plot:ITMET2P4,FORMICA_VEG:transect:ITMET2,9,m2,temperate forest,vegetation survey,Italy,43.0522837,11.0127819,EPSG:4326,30
Event,en,http://creativecommons.org/publicdomain/zero/1.0/legalcode,Ghent University,,UGent,FORMICA_VEG - Vegetation surveys along edge-to-core transects in open and dense forests in the framework of the Forest Microclimate Assessment (FORMICA) project,FORMICA_VEG:plot:ITMET2P5,FORMICA_VEG:transect:ITMET2,9,m2,temperate forest,vegetation survey,Italy,43.0528829,11.0125092,EPSG:4326,30
Event,en,http://creativecommons.org/publicdomain/zero/1.0/legalcode,Ghent University,,UGent,FORMICA_VEG - Vegetation surveys along edge-to-core transects in open and dense forests in the framework of the Forest Microclimate Assessment (FORMICA) project,FORMICA_VEG:plot:ITMET3P1,FORMICA_VEG:transect:ITMET3,9,m2,temperate forest,vegetation survey,Italy,43.0872311,11.0103341999999,EPSG:4326,30
Event,en,http://creativecommons.org/publicdomain/zero/1.0/legalcode,Ghent University,,UGent,FORMICA_VEG - Vegetation surveys along edge-to-core transects in open and dense forests in the framework of the Forest Microclimate Assessment (FORMICA) project,FORMICA_VEG:plot:ITMET3P2,FORMICA_VEG:transect:ITMET3,9,m2,temperate forest,vegetation survey,Italy,43.0872437,11.0103441,EPSG:4326,30
Event,en,http://creativecommons.org/publicdomain/zero/1.0/legalcode,Ghent University,,UGent,FORMICA_VEG - Vegetation surveys along edge-to-core transects in open and dense forests in the framework of the Forest Microclimate Assessment (FORMICA) project,FORMICA_VEG:plot:ITMET3P3,FORMICA_VEG:transect:ITMET3,9,m2,temperate forest,vegetation survey,Italy,43.08728,11.0103242,EPSG:4326,30
Event,en,http://creativecommons.org/publicdomain/zero/1.0/legalcode,Ghent University,,UGent,FORMICA_VEG - Vegetation surveys along edge-to-core transects in open and dense forests in the framework of the Forest Microclimate Assessment (FORMICA) project,FORMICA_VEG:plot:ITMET3P4,FORMICA_VEG:transect:ITMET3,9,m2,temperate forest,vegetation survey,Italy,43.0874637,11.0103907,EPSG:4326,30
Event,en,http://creativecommons.org/publicdomain/zero/1.0/legalcode,Ghent University,,UGent,FORMICA_VEG - Vegetation surveys along edge-to-core transects in open and dense forests in the framework of the Forest Microclimate Assessment (FORMICA) project,FORMICA_VEG:plot:ITMET3P5,FORMICA_VEG:transect:ITMET3,9,m2,temperate forest,vegetation survey,Italy,43.0881253,11.0104196,EPSG:4326,30
Event,en,http://creativecommons.org/publicdomain/zero/1.0/legalcode,Ghent University,,UGent,FORMICA_VEG - Vegetation surveys along edge-to-core transects in open and dense forests in the framework of the Forest Microclimate Assessment (FORMICA) project,FORMICA_VEG:plot:ITHIT1P1,FORMICA_VEG:transect:ITHIT1,9,m2,temperate forest,vegetation survey,Italy,42.7819365,11.6562657,EPSG:4326,30
Event,en,http://creativecommons.org/publicdomain/zero/1.0/legalcode,Ghent University,,UGent,FORMICA_VEG - Vegetation surveys along edge-to-core transects in open and dense forests in the framework of the Forest Microclimate Assessment (FORMICA) project,FORMICA_VEG:plot:ITHIT1P2,FORMICA_VEG:transect:ITHIT1,9,m2,temperate forest,vegetation survey,Italy,42.781982,11.6562576,EPSG:4326,30
Event,en,http://creativecommons.org/publicdomain/zero/1.0/legalcode,Ghent University,,UGent,FORMICA_VEG - Vegetation surveys along edge-to-core transects in open and dense forests in the framework of the Forest Microclimate Assessment (FORMICA) project,FORMICA_VEG:plot:ITHIT1P3,FORMICA_VEG:transect:ITHIT1,9,m2,temperate forest,vegetation survey,Italy,42.7820537,11.6563075,EPSG:4326,30
Event,en,http://creativecommons.org/publicdomain/zero/1.0/legalcode,Ghent University,,UGent,FORMICA_VEG - Vegetation surveys along edge-to-core transects in open and dense forests in the framework of the Forest Microclimate Assessment (FORMICA) project,FORMICA_VEG:plot:ITHIT1P4,FORMICA_VEG:transect:ITHIT1,9,m2,temperate forest,vegetation survey,Italy,42.7821851,11.656392,EPSG:4326,30
Event,en,http://creativecommons.org/publicdomain/zero/1.0/legalcode,Ghent University,,UGent,FORMICA_VEG - Vegetation surveys along edge-to-core transects in open and dense forests in the framework of the Forest Microclimate Assessment (FORMICA) project,FORMICA_VEG:plot:ITHIT1P5,FORMICA_VEG:transect:ITHIT1,9,m2,temperate forest,vegetation survey,Italy,42.7826997,11.6561216,EPSG:4326,30
Event,en,http://creativecommons.org/publicdomain/zero/1.0/legalcode,Ghent University,,UGent,FORMICA_VEG - Vegetation surveys along edge-to-core transects in open and dense forests in the framework of the Forest Microclimate Assessment (FORMICA) project,FORMICA_VEG:plot:ITHIT2P1,FORMICA_VEG:transect:ITHIT2,9,m2,temperate forest,vegetation survey,Italy,43.1040708,10.9827038,EPSG:4326,30
Event,en,http://creativecommons.org/publicdomain/zero/1.0/legalcode,Ghent University,,UGent,FORMICA_VEG - Vegetation surveys along edge-to-core transects in open and dense forests in the framework of the Forest Microclimate Assessment (FORMICA) project,FORMICA_VEG:plot:ITHIT2P2,FORMICA_VEG:transect:ITHIT2,9,m2,temperate forest,vegetation survey,Italy,43.104148,10.9827535,EPSG:4326,30
Event,en,http://creativecommons.org/publicdomain/zero/1.0/legalcode,Ghent University,,UGent,FORMICA_VEG - Vegetation surveys along edge-to-core transects in open and dense forests in the framework of the Forest Microclimate Assessment (FORMICA) project,FORMICA_VEG:plot:ITHIT2P3,FORMICA_VEG:transect:ITHIT2,9,m2,temperate forest,vegetation survey,Italy,43.1041164,10.9827526,EPSG:4326,30
Event,en,http://creativecommons.org/publicdomain/zero/1.0/legalcode,Ghent University,,UGent,FORMICA_VEG - Vegetation surveys along edge-to-core transects in open and dense forests in the framework of the Forest Microclimate Assessment (FORMICA) project,FORMICA_VEG:plot:ITHIT2P4,FORMICA_VEG:transect:ITHIT2,9,m2,temperate forest,vegetation survey,Italy,43.1043364,10.9828158,EPSG:4326,30
Event,en,http://creativecommons.org/publicdomain/zero/1.0/legalcode,Ghent University,,UGent,FORMICA_VEG - Vegetation surveys along edge-to-core transects in open and dense forests in the framework of the Forest Microclimate Assessment (FORMICA) project,FORMICA_VEG:plot:ITHIT2P5,FORMICA_VEG:transect:ITHIT2,9,m2,temperate forest,vegetation survey,Italy,43.1049506,10.9829828,EPSG:4326,30
Event,en,http://creativecommons.org/publicdomain/zero/1.0/legalcode,Ghent University,,UGent,FORMICA_VEG - Vegetation surveys along edge-to-core transects in open and dense forests in the framework of the Forest Microclimate Assessment (FORMICA) project,FORMICA_VEG:plot:ITHIT3P1,FORMICA_VEG:transect:ITHIT3,9,m2,temperate forest,vegetation survey,Italy,42.7848910999999,11.6618640999999,EPSG:4326,30
Event,en,http://creativecommons.org/publicdomain/zero/1.0/legalcode,Ghent University,,UGent,FORMICA_VEG - Vegetation surveys along edge-to-core transects in open and dense forests in the framework of the Forest Microclimate Assessment (FORMICA) project,FORMICA_VEG:plot:ITHIT3P2,FORMICA_VEG:transect:ITHIT3,9,m2,temperate forest,vegetation survey,Italy,42.7849198,11.6618228,EPSG:4326,30
Event,en,http://creativecommons.org/publicdomain/zero/1.0/legalcode,Ghent University,,UGent,FORMICA_VEG - Vegetation surveys along edge-to-core transects in open and dense forests in the framework of the Forest Microclimate Assessment (FORMICA) project,FORMICA_VEG:plot:ITHIT3P3,FORMICA_VEG:transect:ITHIT3,9,m2,temperate forest,vegetation survey,Italy,42.7850078,11.6619198,EPSG:4326,30
Event,en,http://creativecommons.org/publicdomain/zero/1.0/legalcode,Ghent University,,UGent,FORMICA_VEG - Vegetation surveys along edge-to-core transects in open and dense forests in the framework of the Forest Microclimate Assessment (FORMICA) project,FORMICA_VEG:plot:ITHIT3P4,FORMICA_VEG:transect:ITHIT3,9,m2,temperate forest,vegetation survey,Italy,42.7852224,11.6619783,EPSG:4326,30
Event,en,http://creativecommons.org/publicdomain/zero/1.0/legalcode,Ghent University,,UGent,FORMICA_VEG - Vegetation surveys along edge-to-core transects in open and dense forests in the framework of the Forest Microclimate Assessment (FORMICA) project,FORMICA_VEG:plot:ITHIT3P5,FORMICA_VEG:transect:ITHIT3,9,m2,temperate forest,vegetation survey,Italy,42.7857647,11.6621977,EPSG:4326,30
Event,en,http://creativecommons.org/publicdomain/zero/1.0/legalcode,Ghent University,,UGent,FORMICA_VEG - Vegetation surveys along edge-to-core transects in open and dense forests in the framework of the Forest Microclimate Assessment (FORMICA) project,FORMICA_VEG:plot:ITLOT1P1,FORMICA_VEG:transect:ITLOT1,9,m2,temperate forest,vegetation survey,Italy,42.9735388,11.2141326,EPSG:4326,30
Event,en,http://creativecommons.org/publicdomain/zero/1.0/legalcode,Ghent University,,UGent,FORMICA_VEG - Vegetation surveys along edge-to-core transects in open and dense forests in the framework of the Forest Microclimate Assessment (FORMICA) project,FORMICA_VEG:plot:ITLOT1P2,FORMICA_VEG:transect:ITLOT1,9,m2,temperate forest,vegetation survey,Italy,42.9735443,11.2140764,EPSG:4326,30
Event,en,http://creativecommons.org/publicdomain/zero/1.0/legalcode,Ghent University,,UGent,FORMICA_VEG - Vegetation surveys along edge-to-core transects in open and dense forests in the framework of the Forest Microclimate Assessment (FORMICA) project,FORMICA_VEG:plot:ITLOT1P3,FORMICA_VEG:transect:ITLOT1,9,m2,temperate forest,vegetation survey,Italy,42.9736518,11.2139875,EPSG:4326,30
Event,en,http://creativecommons.org/publicdomain/zero/1.0/legalcode,Ghent University,,UGent,FORMICA_VEG - Vegetation surveys along edge-to-core transects in open and dense forests in the framework of the Forest Microclimate Assessment (FORMICA) project,FORMICA_VEG:plot:ITLOT1P4,FORMICA_VEG:transect:ITLOT1,9,m2,temperate forest,vegetation survey,Italy,42.9739252,11.2138886,EPSG:4326,30
Event,en,http://creativecommons.org/publicdomain/zero/1.0/legalcode,Ghent University,,UGent,FORMICA_VEG - Vegetation surveys along edge-to-core transects in open and dense forests in the framework of the Forest Microclimate Assessment (FORMICA) project,FORMICA_VEG:plot:ITLOT1P5,FORMICA_VEG:transect:ITLOT1,9,m2,temperate forest,vegetation survey,Italy,42.9744532,11.2140642,EPSG:4326,30
Event,en,http://creativecommons.org/publicdomain/zero/1.0/legalcode,Ghent University,,UGent,FORMICA_VEG - Vegetation surveys along edge-to-core transects in open and dense forests in the framework of the Forest Microclimate Assessment (FORMICA) project,FORMICA_VEG:plot:ITLOT2P1,FORMICA_VEG:transect:ITLOT2,9,m2,temperate forest,vegetation survey,Italy,42.9531034,11.2161485,EPSG:4326,30
Event,en,http://creativecommons.org/publicdomain/zero/1.0/legalcode,Ghent University,,UGent,FORMICA_VEG - Vegetation surveys along edge-to-core transects in open and dense forests in the framework of the Forest Microclimate Assessment (FORMICA) project,FORMICA_VEG:plot:ITLOT2P2,FORMICA_VEG:transect:ITLOT2,9,m2,temperate forest,vegetation survey,Italy,42.9531087,11.2161475,EPSG:4326,30
Event,en,http://creativecommons.org/publicdomain/zero/1.0/legalcode,Ghent University,,UGent,FORMICA_VEG - Vegetation surveys along edge-to-core transects in open and dense forests in the framework of the Forest Microclimate Assessment (FORMICA) project,FORMICA_VEG:plot:ITLOT2P3,FORMICA_VEG:transect:ITLOT2,9,m2,temperate forest,vegetation survey,Italy,42.9531864,11.2160954,EPSG:4326,30
Event,en,http://creativecommons.org/publicdomain/zero/1.0/legalcode,Ghent University,,UGent,FORMICA_VEG - Vegetation surveys along edge-to-core transects in open and dense forests in the framework of the Forest Microclimate Assessment (FORMICA) project,FORMICA_VEG:plot:ITLOT2P4,FORMICA_VEG:transect:ITLOT2,9,m2,temperate forest,vegetation survey,Italy,42.9533705,11.2160331,EPSG:4326,30
Event,en,http://creativecommons.org/publicdomain/zero/1.0/legalcode,Ghent University,,UGent,FORMICA_VEG - Vegetation surveys along edge-to-core transects in open and dense forests in the framework of the Forest Microclimate Assessment (FORMICA) project,FORMICA_VEG:plot:ITLOT2P5,FORMICA_VEG:transect:ITLOT2,9,m2,temperate forest,vegetation survey,Italy,42.9539393999999,11.2159678,EPSG:4326,30
Event,en,http://creativecommons.org/publicdomain/zero/1.0/legalcode,Ghent University,,UGent,FORMICA_VEG - Vegetation surveys along edge-to-core transects in open and dense forests in the framework of the Forest Microclimate Assessment (FORMICA) project,FORMICA_VEG:plot:ITLOT3P1,FORMICA_VEG:transect:ITLOT3,9,m2,temperate forest,vegetation survey,Italy,42.9510207,11.225876,EPSG:4326,30
Event,en,http://creativecommons.org/publicdomain/zero/1.0/legalcode,Ghent University,,UGent,FORMICA_VEG - Vegetation surveys along edge-to-core transects in open and dense forests in the framework of the Forest Microclimate Assessment (FORMICA) project,FORMICA_VEG:plot:ITLOT3P2,FORMICA_VEG:transect:ITLOT3,9,m2,temperate forest,vegetation survey,Italy,42.951038,11.2258387,EPSG:4326,30
Event,en,http://creativecommons.org/publicdomain/zero/1.0/legalcode,Ghent University,,UGent,FORMICA_VEG - Vegetation surveys along edge-to-core transects in open and dense forests in the framework of the Forest Microclimate Assessment (FORMICA) project,FORMICA_VEG:plot:ITLOT3P3,FORMICA_VEG:transect:ITLOT3,9,m2,temperate forest,vegetation survey,Italy,42.9511176,11.2258355,EPSG:4326,30
Event,en,http://creativecommons.org/publicdomain/zero/1.0/legalcode,Ghent University,,UGent,FORMICA_VEG - Vegetation surveys along edge-to-core transects in open and dense forests in the framework of the Forest Microclimate Assessment (FORMICA) project,FORMICA_VEG:plot:ITLOT3P4,FORMICA_VEG:transect:ITLOT3,9,m2,temperate forest,vegetation survey,Italy,42.9513131,11.2256344,EPSG:4326,30
Event,en,http://creativecommons.org/publicdomain/zero/1.0/legalcode,Ghent University,,UGent,FORMICA_VEG - Vegetation surveys along edge-to-core transects in open and dense forests in the framework of the Forest Microclimate Assessment (FORMICA) project,FORMICA_VEG:plot:ITLOT3P5,FORMICA_VEG:transect:ITLOT3,9,m2,temperate forest,vegetation survey,Italy,42.951881,11.2252153,EPSG:4326,30
