type,language,license,rightsHolder,datasetID,institutionCode,datasetName,eventID,parentEventID,eventDate,habitat,samplingProtocol,country,decimalLatitude,decimalLongitude,geodeticDatum,coordinateUncertaintyInMeters,eventRemarks
Event,en,http://creativecommons.org/publicdomain/zero/1.0/legalcode,Ghent University,,UGent,FORMICA_LEPIDOPTERA - Lepidoptera along edge-to-core transects in open and dense forests in the framework of the FORMICA project,FORMICA_LEPIDOPTERA:PLOT:BEHIT1P1:1,FORMICA:TRANSECT:BEHIT1,2020-07-01T00:00:00Z,temperate forest,light trapping,Belgium,50.5767564,5.9394485,EPSG:4326,30,"Windy, Cloudy"
Event,en,http://creativecommons.org/publicdomain/zero/1.0/legalcode,Ghent University,,UGent,FORMICA_LEPIDOPTERA - Lepidoptera along edge-to-core transects in open and dense forests in the framework of the FORMICA project,FORMICA_LEPIDOPTERA:PLOT:BEHIT1P1:2,FORMICA:TRANSECT:BEHIT1,2020-07-30T00:00:00Z,temperate forest,light trapping,Belgium,50.5767564,5.9394485,EPSG:4326,30,"Clear sky, Cold"
Event,en,http://creativecommons.org/publicdomain/zero/1.0/legalcode,Ghent University,,UGent,FORMICA_LEPIDOPTERA - Lepidoptera along edge-to-core transects in open and dense forests in the framework of the FORMICA project,FORMICA_LEPIDOPTERA:PLOT:BEHIT1P1:3,FORMICA:TRANSECT:BEHIT1,2020-09-14T00:00:00Z,temperate forest,light trapping,Belgium,50.5767564,5.9394485,EPSG:4326,30,Clear sky
Event,en,http://creativecommons.org/publicdomain/zero/1.0/legalcode,Ghent University,,UGent,FORMICA_LEPIDOPTERA - Lepidoptera along edge-to-core transects in open and dense forests in the framework of the FORMICA project,FORMICA_LEPIDOPTERA:PLOT:BEHIT1P1:4,FORMICA:TRANSECT:BEHIT1,2020-10-11T00:00:00Z,temperate forest,light trapping,Belgium,50.5767564,5.9394485,EPSG:4326,30,"Cloudy, Little bit of rain"
Event,en,http://creativecommons.org/publicdomain/zero/1.0/legalcode,Ghent University,,UGent,FORMICA_LEPIDOPTERA - Lepidoptera along edge-to-core transects in open and dense forests in the framework of the FORMICA project,FORMICA_LEPIDOPTERA:PLOT:BEHIT1P3:1,FORMICA:TRANSECT:BEHIT1,2020-07-01T00:00:00Z,temperate forest,light trapping,Belgium,50.5769375,5.9395272,EPSG:4326,30,"Windy, Cloudy"
Event,en,http://creativecommons.org/publicdomain/zero/1.0/legalcode,Ghent University,,UGent,FORMICA_LEPIDOPTERA - Lepidoptera along edge-to-core transects in open and dense forests in the framework of the FORMICA project,FORMICA_LEPIDOPTERA:PLOT:BEHIT1P3:2,FORMICA:TRANSECT:BEHIT1,2020-07-30T00:00:00Z,temperate forest,light trapping,Belgium,50.5769375,5.9395272,EPSG:4326,30,"Clear sky, Cold"
Event,en,http://creativecommons.org/publicdomain/zero/1.0/legalcode,Ghent University,,UGent,FORMICA_LEPIDOPTERA - Lepidoptera along edge-to-core transects in open and dense forests in the framework of the FORMICA project,FORMICA_LEPIDOPTERA:PLOT:BEHIT1P3:3,FORMICA:TRANSECT:BEHIT1,2020-09-14T00:00:00Z,temperate forest,light trapping,Belgium,50.5769375,5.9395272,EPSG:4326,30,Clear sky
Event,en,http://creativecommons.org/publicdomain/zero/1.0/legalcode,Ghent University,,UGent,FORMICA_LEPIDOPTERA - Lepidoptera along edge-to-core transects in open and dense forests in the framework of the FORMICA project,FORMICA_LEPIDOPTERA:PLOT:BEHIT1P3:4,FORMICA:TRANSECT:BEHIT1,2020-10-11T00:00:00Z,temperate forest,light trapping,Belgium,50.5769375,5.9395272,EPSG:4326,30,"Cloudy, Little bit of rain"
Event,en,http://creativecommons.org/publicdomain/zero/1.0/legalcode,Ghent University,,UGent,FORMICA_LEPIDOPTERA - Lepidoptera along edge-to-core transects in open and dense forests in the framework of the FORMICA project,FORMICA_LEPIDOPTERA:PLOT:BEHIT1P4:1,FORMICA:TRANSECT:BEHIT1,2020-07-01T00:00:00Z,temperate forest,light trapping,Belgium,50.5772165,5.9396408,EPSG:4326,30,"Windy, Cloudy"
Event,en,http://creativecommons.org/publicdomain/zero/1.0/legalcode,Ghent University,,UGent,FORMICA_LEPIDOPTERA - Lepidoptera along edge-to-core transects in open and dense forests in the framework of the FORMICA project,FORMICA_LEPIDOPTERA:PLOT:BEHIT1P4:2,FORMICA:TRANSECT:BEHIT1,2020-07-30T00:00:00Z,temperate forest,light trapping,Belgium,50.5772165,5.9396408,EPSG:4326,30,"Clear sky, Cold"
Event,en,http://creativecommons.org/publicdomain/zero/1.0/legalcode,Ghent University,,UGent,FORMICA_LEPIDOPTERA - Lepidoptera along edge-to-core transects in open and dense forests in the framework of the FORMICA project,FORMICA_LEPIDOPTERA:PLOT:BEHIT1P4:3,FORMICA:TRANSECT:BEHIT1,2020-09-14T00:00:00Z,temperate forest,light trapping,Belgium,50.5772165,5.9396408,EPSG:4326,30,Clear sky
Event,en,http://creativecommons.org/publicdomain/zero/1.0/legalcode,Ghent University,,UGent,FORMICA_LEPIDOPTERA - Lepidoptera along edge-to-core transects in open and dense forests in the framework of the FORMICA project,FORMICA_LEPIDOPTERA:PLOT:BEHIT1P4:4,FORMICA:TRANSECT:BEHIT1,2020-10-11T00:00:00Z,temperate forest,light trapping,Belgium,50.5772165,5.9396408,EPSG:4326,30,"Cloudy, Little bit of rain"
Event,en,http://creativecommons.org/publicdomain/zero/1.0/legalcode,Ghent University,,UGent,FORMICA_LEPIDOPTERA - Lepidoptera along edge-to-core transects in open and dense forests in the framework of the FORMICA project,FORMICA_LEPIDOPTERA:PLOT:BEHIT1P5:1,FORMICA:TRANSECT:BEHIT1,2020-07-01T00:00:00Z,temperate forest,light trapping,Belgium,50.5777125,5.9397999,EPSG:4326,30,"Windy, Cloudy"
Event,en,http://creativecommons.org/publicdomain/zero/1.0/legalcode,Ghent University,,UGent,FORMICA_LEPIDOPTERA - Lepidoptera along edge-to-core transects in open and dense forests in the framework of the FORMICA project,FORMICA_LEPIDOPTERA:PLOT:BEHIT1P5:2,FORMICA:TRANSECT:BEHIT1,2020-07-30T00:00:00Z,temperate forest,light trapping,Belgium,50.5777125,5.9397999,EPSG:4326,30,"Clear sky, Cold"
Event,en,http://creativecommons.org/publicdomain/zero/1.0/legalcode,Ghent University,,UGent,FORMICA_LEPIDOPTERA - Lepidoptera along edge-to-core transects in open and dense forests in the framework of the FORMICA project,FORMICA_LEPIDOPTERA:PLOT:BEHIT1P5:3,FORMICA:TRANSECT:BEHIT1,2020-09-14T00:00:00Z,temperate forest,light trapping,Belgium,50.5777125,5.9397999,EPSG:4326,30,Clear sky
Event,en,http://creativecommons.org/publicdomain/zero/1.0/legalcode,Ghent University,,UGent,FORMICA_LEPIDOPTERA - Lepidoptera along edge-to-core transects in open and dense forests in the framework of the FORMICA project,FORMICA_LEPIDOPTERA:PLOT:BEHIT1P5:4,FORMICA:TRANSECT:BEHIT1,2020-10-11T00:00:00Z,temperate forest,light trapping,Belgium,50.5777125,5.9397999,EPSG:4326,30,"Cloudy, Little bit of rain"
Event,en,http://creativecommons.org/publicdomain/zero/1.0/legalcode,Ghent University,,UGent,FORMICA_LEPIDOPTERA - Lepidoptera along edge-to-core transects in open and dense forests in the framework of the FORMICA project,FORMICA_LEPIDOPTERA:PLOT:BEHIT3P1:1,FORMICA:TRANSECT:BEHIT3,2020-07-02T00:00:00Z,temperate forest,light trapping,Belgium,50.5189109,5.8927511,EPSG:4326,30,Cloudy
Event,en,http://creativecommons.org/publicdomain/zero/1.0/legalcode,Ghent University,,UGent,FORMICA_LEPIDOPTERA - Lepidoptera along edge-to-core transects in open and dense forests in the framework of the FORMICA project,FORMICA_LEPIDOPTERA:PLOT:BEHIT3P1:2,FORMICA:TRANSECT:BEHIT3,2020-07-29T00:00:00Z,temperate forest,light trapping,Belgium,50.5189109,5.8927511,EPSG:4326,30,"Cloudy, Cold"
Event,en,http://creativecommons.org/publicdomain/zero/1.0/legalcode,Ghent University,,UGent,FORMICA_LEPIDOPTERA - Lepidoptera along edge-to-core transects in open and dense forests in the framework of the FORMICA project,FORMICA_LEPIDOPTERA:PLOT:BEHIT3P1:3,FORMICA:TRANSECT:BEHIT3,2020-09-13T00:00:00Z,temperate forest,light trapping,Belgium,50.5189109,5.8927511,EPSG:4326,30,Clear sky
Event,en,http://creativecommons.org/publicdomain/zero/1.0/legalcode,Ghent University,,UGent,FORMICA_LEPIDOPTERA - Lepidoptera along edge-to-core transects in open and dense forests in the framework of the FORMICA project,FORMICA_LEPIDOPTERA:PLOT:BEHIT3P1:4,FORMICA:TRANSECT:BEHIT3,2020-10-12T00:00:00Z,temperate forest,light trapping,Belgium,50.5189109,5.8927511,EPSG:4326,30,"Rain (whole night), Lamp fell out 10 minutes before we checked the trap, nothing was left inside (I saw 1 moth flying away near the trap)"
Event,en,http://creativecommons.org/publicdomain/zero/1.0/legalcode,Ghent University,,UGent,FORMICA_LEPIDOPTERA - Lepidoptera along edge-to-core transects in open and dense forests in the framework of the FORMICA project,FORMICA_LEPIDOPTERA:PLOT:BEHIT3P3:1,FORMICA:TRANSECT:BEHIT3,2020-07-02T00:00:00Z,temperate forest,light trapping,Belgium,50.518951,5.8927373,EPSG:4326,30,Cloudy
Event,en,http://creativecommons.org/publicdomain/zero/1.0/legalcode,Ghent University,,UGent,FORMICA_LEPIDOPTERA - Lepidoptera along edge-to-core transects in open and dense forests in the framework of the FORMICA project,FORMICA_LEPIDOPTERA:PLOT:BEHIT3P3:2,FORMICA:TRANSECT:BEHIT3,2020-07-29T00:00:00Z,temperate forest,light trapping,Belgium,50.518951,5.8927373,EPSG:4326,30,"Cloudy, Cold"
Event,en,http://creativecommons.org/publicdomain/zero/1.0/legalcode,Ghent University,,UGent,FORMICA_LEPIDOPTERA - Lepidoptera along edge-to-core transects in open and dense forests in the framework of the FORMICA project,FORMICA_LEPIDOPTERA:PLOT:BEHIT3P3:3,FORMICA:TRANSECT:BEHIT3,2020-09-13T00:00:00Z,temperate forest,light trapping,Belgium,50.518951,5.8927373,EPSG:4326,30,Clear sky
Event,en,http://creativecommons.org/publicdomain/zero/1.0/legalcode,Ghent University,,UGent,FORMICA_LEPIDOPTERA - Lepidoptera along edge-to-core transects in open and dense forests in the framework of the FORMICA project,FORMICA_LEPIDOPTERA:PLOT:BEHIT3P3:4,FORMICA:TRANSECT:BEHIT3,2020-10-12T00:00:00Z,temperate forest,light trapping,Belgium,50.518951,5.8927373,EPSG:4326,30,Rain (whole night)
Event,en,http://creativecommons.org/publicdomain/zero/1.0/legalcode,Ghent University,,UGent,FORMICA_LEPIDOPTERA - Lepidoptera along edge-to-core transects in open and dense forests in the framework of the FORMICA project,FORMICA_LEPIDOPTERA:PLOT:BEHIT3P4:1,FORMICA:TRANSECT:BEHIT3,2020-07-02T00:00:00Z,temperate forest,light trapping,Belgium,50.5191245,5.8926399,EPSG:4326,30,Cloudy
Event,en,http://creativecommons.org/publicdomain/zero/1.0/legalcode,Ghent University,,UGent,FORMICA_LEPIDOPTERA - Lepidoptera along edge-to-core transects in open and dense forests in the framework of the FORMICA project,FORMICA_LEPIDOPTERA:PLOT:BEHIT3P4:2,FORMICA:TRANSECT:BEHIT3,2020-07-29T00:00:00Z,temperate forest,light trapping,Belgium,50.5191245,5.8926399,EPSG:4326,30,"Cloudy, Cold"
Event,en,http://creativecommons.org/publicdomain/zero/1.0/legalcode,Ghent University,,UGent,FORMICA_LEPIDOPTERA - Lepidoptera along edge-to-core transects in open and dense forests in the framework of the FORMICA project,FORMICA_LEPIDOPTERA:PLOT:BEHIT3P4:3,FORMICA:TRANSECT:BEHIT3,2020-09-13T00:00:00Z,temperate forest,light trapping,Belgium,50.5191245,5.8926399,EPSG:4326,30,Clear sky
Event,en,http://creativecommons.org/publicdomain/zero/1.0/legalcode,Ghent University,,UGent,FORMICA_LEPIDOPTERA - Lepidoptera along edge-to-core transects in open and dense forests in the framework of the FORMICA project,FORMICA_LEPIDOPTERA:PLOT:BEHIT3P4:4,FORMICA:TRANSECT:BEHIT3,2020-10-12T00:00:00Z,temperate forest,light trapping,Belgium,50.5191245,5.8926399,EPSG:4326,30,Rain (whole night)
Event,en,http://creativecommons.org/publicdomain/zero/1.0/legalcode,Ghent University,,UGent,FORMICA_LEPIDOPTERA - Lepidoptera along edge-to-core transects in open and dense forests in the framework of the FORMICA project,FORMICA_LEPIDOPTERA:PLOT:BEHIT3P5:1,FORMICA:TRANSECT:BEHIT3,2020-07-02T00:00:00Z,temperate forest,light trapping,Belgium,50.5193993,5.8921311,EPSG:4326,30,Cloudy
Event,en,http://creativecommons.org/publicdomain/zero/1.0/legalcode,Ghent University,,UGent,FORMICA_LEPIDOPTERA - Lepidoptera along edge-to-core transects in open and dense forests in the framework of the FORMICA project,FORMICA_LEPIDOPTERA:PLOT:BEHIT3P5:2,FORMICA:TRANSECT:BEHIT3,2020-07-29T00:00:00Z,temperate forest,light trapping,Belgium,50.5193993,5.8921311,EPSG:4326,30,"Cloudy, Cold"
Event,en,http://creativecommons.org/publicdomain/zero/1.0/legalcode,Ghent University,,UGent,FORMICA_LEPIDOPTERA - Lepidoptera along edge-to-core transects in open and dense forests in the framework of the FORMICA project,FORMICA_LEPIDOPTERA:PLOT:BEHIT3P5:3,FORMICA:TRANSECT:BEHIT3,2020-09-13T00:00:00Z,temperate forest,light trapping,Belgium,50.5193993,5.8921311,EPSG:4326,30,Clear sky
Event,en,http://creativecommons.org/publicdomain/zero/1.0/legalcode,Ghent University,,UGent,FORMICA_LEPIDOPTERA - Lepidoptera along edge-to-core transects in open and dense forests in the framework of the FORMICA project,FORMICA_LEPIDOPTERA:PLOT:BEHIT3P5:4,FORMICA:TRANSECT:BEHIT3,2020-10-12T00:00:00Z,temperate forest,light trapping,Belgium,50.5193993,5.8921311,EPSG:4326,30,Rain (whole night)
Event,en,http://creativecommons.org/publicdomain/zero/1.0/legalcode,Ghent University,,UGent,FORMICA_LEPIDOPTERA - Lepidoptera along edge-to-core transects in open and dense forests in the framework of the FORMICA project,FORMICA_LEPIDOPTERA:PLOT:BELOT1P1:1,FORMICA:TRANSECT:BELOT1,2020-06-19T00:00:00Z,temperate forest,light trapping,Belgium,50.7696403,3.7534763,EPSG:4326,30,Clear sky
Event,en,http://creativecommons.org/publicdomain/zero/1.0/legalcode,Ghent University,,UGent,FORMICA_LEPIDOPTERA - Lepidoptera along edge-to-core transects in open and dense forests in the framework of the FORMICA project,FORMICA_LEPIDOPTERA:PLOT:BELOT1P1:2,FORMICA:TRANSECT:BELOT1,2020-08-03T00:00:00Z,temperate forest,light trapping,Belgium,50.7696403,3.7534763,EPSG:4326,30,Cloudy
Event,en,http://creativecommons.org/publicdomain/zero/1.0/legalcode,Ghent University,,UGent,FORMICA_LEPIDOPTERA - Lepidoptera along edge-to-core transects in open and dense forests in the framework of the FORMICA project,FORMICA_LEPIDOPTERA:PLOT:BELOT1P1:3,FORMICA:TRANSECT:BELOT1,2020-09-09T00:00:00Z,temperate forest,light trapping,Belgium,50.7696403,3.7534763,EPSG:4326,30,Cloudy
Event,en,http://creativecommons.org/publicdomain/zero/1.0/legalcode,Ghent University,,UGent,FORMICA_LEPIDOPTERA - Lepidoptera along edge-to-core transects in open and dense forests in the framework of the FORMICA project,FORMICA_LEPIDOPTERA:PLOT:BELOT1P1:4,FORMICA:TRANSECT:BELOT1,2020-10-23T00:00:00Z,temperate forest,light trapping,Belgium,50.7696403,3.7534763,EPSG:4326,30,"Cloudy, Mysty"
Event,en,http://creativecommons.org/publicdomain/zero/1.0/legalcode,Ghent University,,UGent,FORMICA_LEPIDOPTERA - Lepidoptera along edge-to-core transects in open and dense forests in the framework of the FORMICA project,FORMICA_LEPIDOPTERA:PLOT:BELOT1P3:1,FORMICA:TRANSECT:BELOT1,2020-06-19T00:00:00Z,temperate forest,light trapping,Belgium,50.7697925,3.7533841,EPSG:4326,30,Clear sky
Event,en,http://creativecommons.org/publicdomain/zero/1.0/legalcode,Ghent University,,UGent,FORMICA_LEPIDOPTERA - Lepidoptera along edge-to-core transects in open and dense forests in the framework of the FORMICA project,FORMICA_LEPIDOPTERA:PLOT:BELOT1P3:2,FORMICA:TRANSECT:BELOT1,2020-08-03T00:00:00Z,temperate forest,light trapping,Belgium,50.7697925,3.7533841,EPSG:4326,30,Cloudy
Event,en,http://creativecommons.org/publicdomain/zero/1.0/legalcode,Ghent University,,UGent,FORMICA_LEPIDOPTERA - Lepidoptera along edge-to-core transects in open and dense forests in the framework of the FORMICA project,FORMICA_LEPIDOPTERA:PLOT:BELOT1P3:3,FORMICA:TRANSECT:BELOT1,2020-09-09T00:00:00Z,temperate forest,light trapping,Belgium,50.7697925,3.7533841,EPSG:4326,30,Cloudy
Event,en,http://creativecommons.org/publicdomain/zero/1.0/legalcode,Ghent University,,UGent,FORMICA_LEPIDOPTERA - Lepidoptera along edge-to-core transects in open and dense forests in the framework of the FORMICA project,FORMICA_LEPIDOPTERA:PLOT:BELOT1P3:4,FORMICA:TRANSECT:BELOT1,2020-10-23T00:00:00Z,temperate forest,light trapping,Belgium,50.7697925,3.7533841,EPSG:4326,30,"Cloudy, Mysty"
Event,en,http://creativecommons.org/publicdomain/zero/1.0/legalcode,Ghent University,,UGent,FORMICA_LEPIDOPTERA - Lepidoptera along edge-to-core transects in open and dense forests in the framework of the FORMICA project,FORMICA_LEPIDOPTERA:PLOT:BELOT1P4:1,FORMICA:TRANSECT:BELOT1,2020-06-19T00:00:00Z,temperate forest,light trapping,Belgium,50.7699057,3.753078,EPSG:4326,30,Clear sky
Event,en,http://creativecommons.org/publicdomain/zero/1.0/legalcode,Ghent University,,UGent,FORMICA_LEPIDOPTERA - Lepidoptera along edge-to-core transects in open and dense forests in the framework of the FORMICA project,FORMICA_LEPIDOPTERA:PLOT:BELOT1P4:2,FORMICA:TRANSECT:BELOT1,2020-08-03T00:00:00Z,temperate forest,light trapping,Belgium,50.7699057,3.753078,EPSG:4326,30,Cloudy
Event,en,http://creativecommons.org/publicdomain/zero/1.0/legalcode,Ghent University,,UGent,FORMICA_LEPIDOPTERA - Lepidoptera along edge-to-core transects in open and dense forests in the framework of the FORMICA project,FORMICA_LEPIDOPTERA:PLOT:BELOT1P4:3,FORMICA:TRANSECT:BELOT1,2020-09-09T00:00:00Z,temperate forest,light trapping,Belgium,50.7699057,3.753078,EPSG:4326,30,Cloudy
Event,en,http://creativecommons.org/publicdomain/zero/1.0/legalcode,Ghent University,,UGent,FORMICA_LEPIDOPTERA - Lepidoptera along edge-to-core transects in open and dense forests in the framework of the FORMICA project,FORMICA_LEPIDOPTERA:PLOT:BELOT1P4:4,FORMICA:TRANSECT:BELOT1,2020-10-23T00:00:00Z,temperate forest,light trapping,Belgium,50.7699057,3.753078,EPSG:4326,30,"Cloudy, Mysty"
Event,en,http://creativecommons.org/publicdomain/zero/1.0/legalcode,Ghent University,,UGent,FORMICA_LEPIDOPTERA - Lepidoptera along edge-to-core transects in open and dense forests in the framework of the FORMICA project,FORMICA_LEPIDOPTERA:PLOT:BELOT1P5:1,FORMICA:TRANSECT:BELOT1,2020-06-19T00:00:00Z,temperate forest,light trapping,Belgium,50.7701294,3.752677,EPSG:4326,30,Clear sky
Event,en,http://creativecommons.org/publicdomain/zero/1.0/legalcode,Ghent University,,UGent,FORMICA_LEPIDOPTERA - Lepidoptera along edge-to-core transects in open and dense forests in the framework of the FORMICA project,FORMICA_LEPIDOPTERA:PLOT:BELOT1P5:2,FORMICA:TRANSECT:BELOT1,2020-08-03T00:00:00Z,temperate forest,light trapping,Belgium,50.7701294,3.752677,EPSG:4326,30,Cloudy
Event,en,http://creativecommons.org/publicdomain/zero/1.0/legalcode,Ghent University,,UGent,FORMICA_LEPIDOPTERA - Lepidoptera along edge-to-core transects in open and dense forests in the framework of the FORMICA project,FORMICA_LEPIDOPTERA:PLOT:BELOT1P5:3,FORMICA:TRANSECT:BELOT1,2020-09-09T00:00:00Z,temperate forest,light trapping,Belgium,50.7701294,3.752677,EPSG:4326,30,Cloudy
Event,en,http://creativecommons.org/publicdomain/zero/1.0/legalcode,Ghent University,,UGent,FORMICA_LEPIDOPTERA - Lepidoptera along edge-to-core transects in open and dense forests in the framework of the FORMICA project,FORMICA_LEPIDOPTERA:PLOT:BELOT1P5:4,FORMICA:TRANSECT:BELOT1,2020-10-23T00:00:00Z,temperate forest,light trapping,Belgium,50.7701294,3.752677,EPSG:4326,30,"Cloudy, Mysty"
Event,en,http://creativecommons.org/publicdomain/zero/1.0/legalcode,Ghent University,,UGent,FORMICA_LEPIDOPTERA - Lepidoptera along edge-to-core transects in open and dense forests in the framework of the FORMICA project,FORMICA_LEPIDOPTERA:PLOT:BELOT3P1:1,FORMICA:TRANSECT:BELOT3,2020-06-17T00:00:00Z,temperate forest,light trapping,Belgium,50.9731169,3.8035539,EPSG:4326,30,Rain (22:00 - 0:00)
Event,en,http://creativecommons.org/publicdomain/zero/1.0/legalcode,Ghent University,,UGent,FORMICA_LEPIDOPTERA - Lepidoptera along edge-to-core transects in open and dense forests in the framework of the FORMICA project,FORMICA_LEPIDOPTERA:PLOT:BELOT3P1:2,FORMICA:TRANSECT:BELOT3,2020-08-04T00:00:00Z,temperate forest,light trapping,Belgium,50.9731169,3.8035539,EPSG:4326,30,"Clear sky, Cold, Full moon"
Event,en,http://creativecommons.org/publicdomain/zero/1.0/legalcode,Ghent University,,UGent,FORMICA_LEPIDOPTERA - Lepidoptera along edge-to-core transects in open and dense forests in the framework of the FORMICA project,FORMICA_LEPIDOPTERA:PLOT:BELOT3P1:3,FORMICA:TRANSECT:BELOT3,2020-09-10T00:00:00Z,temperate forest,light trapping,Belgium,50.9731169,3.8035539,EPSG:4326,30,"Cloudy, Clear sky at morning"
Event,en,http://creativecommons.org/publicdomain/zero/1.0/legalcode,Ghent University,,UGent,FORMICA_LEPIDOPTERA - Lepidoptera along edge-to-core transects in open and dense forests in the framework of the FORMICA project,FORMICA_LEPIDOPTERA:PLOT:BELOT3P1:4,FORMICA:TRANSECT:BELOT3,2020-10-21T00:00:00Z,temperate forest,light trapping,Belgium,50.9731169,3.8035539,EPSG:4326,30,"Rain, during the night and mainly in the morning"
Event,en,http://creativecommons.org/publicdomain/zero/1.0/legalcode,Ghent University,,UGent,FORMICA_LEPIDOPTERA - Lepidoptera along edge-to-core transects in open and dense forests in the framework of the FORMICA project,FORMICA_LEPIDOPTERA:PLOT:BELOT3P3:1,FORMICA:TRANSECT:BELOT3,2020-06-17T00:00:00Z,temperate forest,light trapping,Belgium,50.9731862,3.8034802,EPSG:4326,30,Rain (22:00 - 0:00)
Event,en,http://creativecommons.org/publicdomain/zero/1.0/legalcode,Ghent University,,UGent,FORMICA_LEPIDOPTERA - Lepidoptera along edge-to-core transects in open and dense forests in the framework of the FORMICA project,FORMICA_LEPIDOPTERA:PLOT:BELOT3P3:2,FORMICA:TRANSECT:BELOT3,2020-08-04T00:00:00Z,temperate forest,light trapping,Belgium,50.9731862,3.8034802,EPSG:4326,30,"Clear sky, Cold, Full moon"
Event,en,http://creativecommons.org/publicdomain/zero/1.0/legalcode,Ghent University,,UGent,FORMICA_LEPIDOPTERA - Lepidoptera along edge-to-core transects in open and dense forests in the framework of the FORMICA project,FORMICA_LEPIDOPTERA:PLOT:BELOT3P3:3,FORMICA:TRANSECT:BELOT3,2020-09-10T00:00:00Z,temperate forest,light trapping,Belgium,50.9731862,3.8034802,EPSG:4326,30,"Cloudy, Clear sky at morning"
Event,en,http://creativecommons.org/publicdomain/zero/1.0/legalcode,Ghent University,,UGent,FORMICA_LEPIDOPTERA - Lepidoptera along edge-to-core transects in open and dense forests in the framework of the FORMICA project,FORMICA_LEPIDOPTERA:PLOT:BELOT3P3:4,FORMICA:TRANSECT:BELOT3,2020-10-21T00:00:00Z,temperate forest,light trapping,Belgium,50.9731862,3.8034802,EPSG:4326,30,"Rain, during the night and mainly in the morning"
Event,en,http://creativecommons.org/publicdomain/zero/1.0/legalcode,Ghent University,,UGent,FORMICA_LEPIDOPTERA - Lepidoptera along edge-to-core transects in open and dense forests in the framework of the FORMICA project,FORMICA_LEPIDOPTERA:PLOT:BELOT3P4:1,FORMICA:TRANSECT:BELOT3,2020-06-17T00:00:00Z,temperate forest,light trapping,Belgium,50.9734076999999,3.80335749999999,EPSG:4326,30,Rain (22:00 - 0:00)
Event,en,http://creativecommons.org/publicdomain/zero/1.0/legalcode,Ghent University,,UGent,FORMICA_LEPIDOPTERA - Lepidoptera along edge-to-core transects in open and dense forests in the framework of the FORMICA project,FORMICA_LEPIDOPTERA:PLOT:BELOT3P4:2,FORMICA:TRANSECT:BELOT3,2020-08-04T00:00:00Z,temperate forest,light trapping,Belgium,50.9734076999999,3.80335749999999,EPSG:4326,30,"Clear sky, Cold, Full moon"
Event,en,http://creativecommons.org/publicdomain/zero/1.0/legalcode,Ghent University,,UGent,FORMICA_LEPIDOPTERA - Lepidoptera along edge-to-core transects in open and dense forests in the framework of the FORMICA project,FORMICA_LEPIDOPTERA:PLOT:BELOT3P4:3,FORMICA:TRANSECT:BELOT3,2020-09-10T00:00:00Z,temperate forest,light trapping,Belgium,50.9734076999999,3.80335749999999,EPSG:4326,30,"Cloudy, Clear sky at morning"
Event,en,http://creativecommons.org/publicdomain/zero/1.0/legalcode,Ghent University,,UGent,FORMICA_LEPIDOPTERA - Lepidoptera along edge-to-core transects in open and dense forests in the framework of the FORMICA project,FORMICA_LEPIDOPTERA:PLOT:BELOT3P4:4,FORMICA:TRANSECT:BELOT3,2020-10-21T00:00:00Z,temperate forest,light trapping,Belgium,50.9734076999999,3.80335749999999,EPSG:4326,30,"Rain, during the night and mainly in the morning"
Event,en,http://creativecommons.org/publicdomain/zero/1.0/legalcode,Ghent University,,UGent,FORMICA_LEPIDOPTERA - Lepidoptera along edge-to-core transects in open and dense forests in the framework of the FORMICA project,FORMICA_LEPIDOPTERA:PLOT:BELOT3P5:1,FORMICA:TRANSECT:BELOT3,2020-06-17T00:00:00Z,temperate forest,light trapping,Belgium,50.9741164,3.8027479,EPSG:4326,30,Rain (22:00 - 0:00)
Event,en,http://creativecommons.org/publicdomain/zero/1.0/legalcode,Ghent University,,UGent,FORMICA_LEPIDOPTERA - Lepidoptera along edge-to-core transects in open and dense forests in the framework of the FORMICA project,FORMICA_LEPIDOPTERA:PLOT:BELOT3P5:2,FORMICA:TRANSECT:BELOT3,2020-08-04T00:00:00Z,temperate forest,light trapping,Belgium,50.9741164,3.8027479,EPSG:4326,30,"Clear sky, Cold, Full moon"
Event,en,http://creativecommons.org/publicdomain/zero/1.0/legalcode,Ghent University,,UGent,FORMICA_LEPIDOPTERA - Lepidoptera along edge-to-core transects in open and dense forests in the framework of the FORMICA project,FORMICA_LEPIDOPTERA:PLOT:BELOT3P5:3,FORMICA:TRANSECT:BELOT3,2020-09-10T00:00:00Z,temperate forest,light trapping,Belgium,50.9741164,3.8027479,EPSG:4326,30,"Cloudy, Clear sky at morning"
Event,en,http://creativecommons.org/publicdomain/zero/1.0/legalcode,Ghent University,,UGent,FORMICA_LEPIDOPTERA - Lepidoptera along edge-to-core transects in open and dense forests in the framework of the FORMICA project,FORMICA_LEPIDOPTERA:PLOT:BELOT3P5:4,FORMICA:TRANSECT:BELOT3,2020-10-21T00:00:00Z,temperate forest,light trapping,Belgium,50.9741164,3.8027479,EPSG:4326,30,"Rain, during the night and mainly in the morning"
Event,en,http://creativecommons.org/publicdomain/zero/1.0/legalcode,Ghent University,,UGent,FORMICA_LEPIDOPTERA - Lepidoptera along edge-to-core transects in open and dense forests in the framework of the FORMICA project,FORMICA_LEPIDOPTERA:PLOT:BEMET1P1:1,FORMICA:TRANSECT:BEMET1,2020-06-22T00:00:00Z,temperate forest,light trapping,Belgium,50.2283808,5.28330309999999,EPSG:4326,30,Rain
Event,en,http://creativecommons.org/publicdomain/zero/1.0/legalcode,Ghent University,,UGent,FORMICA_LEPIDOPTERA - Lepidoptera along edge-to-core transects in open and dense forests in the framework of the FORMICA project,FORMICA_LEPIDOPTERA:PLOT:BEMET1P1:2,FORMICA:TRANSECT:BEMET1,2020-08-08T00:00:00Z,temperate forest,light trapping,Belgium,50.2283808,5.28330309999999,EPSG:4326,30,"Clear sky, Full moon"
Event,en,http://creativecommons.org/publicdomain/zero/1.0/legalcode,Ghent University,,UGent,FORMICA_LEPIDOPTERA - Lepidoptera along edge-to-core transects in open and dense forests in the framework of the FORMICA project,FORMICA_LEPIDOPTERA:PLOT:BEMET1P1:3,FORMICA:TRANSECT:BEMET1,2020-09-16T00:00:00Z,temperate forest,light trapping,Belgium,50.2283808,5.28330309999999,EPSG:4326,30,"Cloudy, Little bit of rain"
Event,en,http://creativecommons.org/publicdomain/zero/1.0/legalcode,Ghent University,,UGent,FORMICA_LEPIDOPTERA - Lepidoptera along edge-to-core transects in open and dense forests in the framework of the FORMICA project,FORMICA_LEPIDOPTERA:PLOT:BEMET1P1:4,FORMICA:TRANSECT:BEMET1,2020-10-18T00:00:00Z,temperate forest,light trapping,Belgium,50.2283808,5.28330309999999,EPSG:4326,30,Clear sky
Event,en,http://creativecommons.org/publicdomain/zero/1.0/legalcode,Ghent University,,UGent,FORMICA_LEPIDOPTERA - Lepidoptera along edge-to-core transects in open and dense forests in the framework of the FORMICA project,FORMICA_LEPIDOPTERA:PLOT:BEMET1P3:1,FORMICA:TRANSECT:BEMET1,2020-06-22T00:00:00Z,temperate forest,light trapping,Belgium,50.2284368,5.2832457,EPSG:4326,30,Rain
Event,en,http://creativecommons.org/publicdomain/zero/1.0/legalcode,Ghent University,,UGent,FORMICA_LEPIDOPTERA - Lepidoptera along edge-to-core transects in open and dense forests in the framework of the FORMICA project,FORMICA_LEPIDOPTERA:PLOT:BEMET1P3:2,FORMICA:TRANSECT:BEMET1,2020-08-08T00:00:00Z,temperate forest,light trapping,Belgium,50.2284368,5.2832457,EPSG:4326,30,"Clear sky, Full moon"
Event,en,http://creativecommons.org/publicdomain/zero/1.0/legalcode,Ghent University,,UGent,FORMICA_LEPIDOPTERA - Lepidoptera along edge-to-core transects in open and dense forests in the framework of the FORMICA project,FORMICA_LEPIDOPTERA:PLOT:BEMET1P3:3,FORMICA:TRANSECT:BEMET1,2020-09-16T00:00:00Z,temperate forest,light trapping,Belgium,50.2284368,5.2832457,EPSG:4326,30,"Cloudy, Little bit of rain"
Event,en,http://creativecommons.org/publicdomain/zero/1.0/legalcode,Ghent University,,UGent,FORMICA_LEPIDOPTERA - Lepidoptera along edge-to-core transects in open and dense forests in the framework of the FORMICA project,FORMICA_LEPIDOPTERA:PLOT:BEMET1P3:4,FORMICA:TRANSECT:BEMET1,2020-10-18T00:00:00Z,temperate forest,light trapping,Belgium,50.2284368,5.2832457,EPSG:4326,30,Clear sky
Event,en,http://creativecommons.org/publicdomain/zero/1.0/legalcode,Ghent University,,UGent,FORMICA_LEPIDOPTERA - Lepidoptera along edge-to-core transects in open and dense forests in the framework of the FORMICA project,FORMICA_LEPIDOPTERA:PLOT:BEMET1P4:1,FORMICA:TRANSECT:BEMET1,2020-06-22T00:00:00Z,temperate forest,light trapping,Belgium,50.2287404,5.283251,EPSG:4326,30,Rain
Event,en,http://creativecommons.org/publicdomain/zero/1.0/legalcode,Ghent University,,UGent,FORMICA_LEPIDOPTERA - Lepidoptera along edge-to-core transects in open and dense forests in the framework of the FORMICA project,FORMICA_LEPIDOPTERA:PLOT:BEMET1P4:2,FORMICA:TRANSECT:BEMET1,2020-08-08T00:00:00Z,temperate forest,light trapping,Belgium,50.2287404,5.283251,EPSG:4326,30,"Clear sky, Full moon"
Event,en,http://creativecommons.org/publicdomain/zero/1.0/legalcode,Ghent University,,UGent,FORMICA_LEPIDOPTERA - Lepidoptera along edge-to-core transects in open and dense forests in the framework of the FORMICA project,FORMICA_LEPIDOPTERA:PLOT:BEMET1P4:3,FORMICA:TRANSECT:BEMET1,2020-09-16T00:00:00Z,temperate forest,light trapping,Belgium,50.2287404,5.283251,EPSG:4326,30,"Cloudy, Little bit of rain"
Event,en,http://creativecommons.org/publicdomain/zero/1.0/legalcode,Ghent University,,UGent,FORMICA_LEPIDOPTERA - Lepidoptera along edge-to-core transects in open and dense forests in the framework of the FORMICA project,FORMICA_LEPIDOPTERA:PLOT:BEMET1P4:4,FORMICA:TRANSECT:BEMET1,2020-10-18T00:00:00Z,temperate forest,light trapping,Belgium,50.2287404,5.283251,EPSG:4326,30,"Clear sky, Lamp fell out because of enmpty battery, only 4 individuals were still inside, should have been on almost the whole night."
Event,en,http://creativecommons.org/publicdomain/zero/1.0/legalcode,Ghent University,,UGent,FORMICA_LEPIDOPTERA - Lepidoptera along edge-to-core transects in open and dense forests in the framework of the FORMICA project,FORMICA_LEPIDOPTERA:PLOT:BEMET1P5:1,FORMICA:TRANSECT:BEMET1,2020-06-22T00:00:00Z,temperate forest,light trapping,Belgium,50.2291975,5.2830458,EPSG:4326,30,Rain
Event,en,http://creativecommons.org/publicdomain/zero/1.0/legalcode,Ghent University,,UGent,FORMICA_LEPIDOPTERA - Lepidoptera along edge-to-core transects in open and dense forests in the framework of the FORMICA project,FORMICA_LEPIDOPTERA:PLOT:BEMET1P5:2,FORMICA:TRANSECT:BEMET1,2020-08-08T00:00:00Z,temperate forest,light trapping,Belgium,50.2291975,5.2830458,EPSG:4326,30,"Clear sky, Full moon"
Event,en,http://creativecommons.org/publicdomain/zero/1.0/legalcode,Ghent University,,UGent,FORMICA_LEPIDOPTERA - Lepidoptera along edge-to-core transects in open and dense forests in the framework of the FORMICA project,FORMICA_LEPIDOPTERA:PLOT:BEMET1P5:3,FORMICA:TRANSECT:BEMET1,2020-09-16T00:00:00Z,temperate forest,light trapping,Belgium,50.2291975,5.2830458,EPSG:4326,30,"Cloudy, Little bit of rain"
Event,en,http://creativecommons.org/publicdomain/zero/1.0/legalcode,Ghent University,,UGent,FORMICA_LEPIDOPTERA - Lepidoptera along edge-to-core transects in open and dense forests in the framework of the FORMICA project,FORMICA_LEPIDOPTERA:PLOT:BEMET1P5:4,FORMICA:TRANSECT:BEMET1,2020-10-18T00:00:00Z,temperate forest,light trapping,Belgium,50.2291975,5.2830458,EPSG:4326,30,Clear sky
Event,en,http://creativecommons.org/publicdomain/zero/1.0/legalcode,Ghent University,,UGent,FORMICA_LEPIDOPTERA - Lepidoptera along edge-to-core transects in open and dense forests in the framework of the FORMICA project,FORMICA_LEPIDOPTERA:PLOT:BEMET3P1:1,FORMICA:TRANSECT:BEMET3,2020-06-21T00:00:00Z,temperate forest,light trapping,Belgium,50.2306984,5.2879426,EPSG:4326,30,Clear sky
Event,en,http://creativecommons.org/publicdomain/zero/1.0/legalcode,Ghent University,,UGent,FORMICA_LEPIDOPTERA - Lepidoptera along edge-to-core transects in open and dense forests in the framework of the FORMICA project,FORMICA_LEPIDOPTERA:PLOT:BEMET3P1:2,FORMICA:TRANSECT:BEMET3,2020-08-01T00:00:00Z,temperate forest,light trapping,Belgium,50.2306984,5.2879426,EPSG:4326,30,Rain (4:00 - 4:30)
Event,en,http://creativecommons.org/publicdomain/zero/1.0/legalcode,Ghent University,,UGent,FORMICA_LEPIDOPTERA - Lepidoptera along edge-to-core transects in open and dense forests in the framework of the FORMICA project,FORMICA_LEPIDOPTERA:PLOT:BEMET3P1:3,FORMICA:TRANSECT:BEMET3,2020-09-15T00:00:00Z,temperate forest,light trapping,Belgium,50.2306984,5.2879426,EPSG:4326,30,Clear sky
Event,en,http://creativecommons.org/publicdomain/zero/1.0/legalcode,Ghent University,,UGent,FORMICA_LEPIDOPTERA - Lepidoptera along edge-to-core transects in open and dense forests in the framework of the FORMICA project,FORMICA_LEPIDOPTERA:PLOT:BEMET3P1:4,FORMICA:TRANSECT:BEMET3,2020-10-19T00:00:00Z,temperate forest,light trapping,Belgium,50.2306984,5.2879426,EPSG:4326,30,"Cloudy, Misty, Lamp fell out because of enmpty battery, only 4 individuals were still inside, should have been on almost the whole night."
Event,en,http://creativecommons.org/publicdomain/zero/1.0/legalcode,Ghent University,,UGent,FORMICA_LEPIDOPTERA - Lepidoptera along edge-to-core transects in open and dense forests in the framework of the FORMICA project,FORMICA_LEPIDOPTERA:PLOT:BEMET3P3:1,FORMICA:TRANSECT:BEMET3,2020-06-21T00:00:00Z,temperate forest,light trapping,Belgium,50.2306929,5.2878152,EPSG:4326,30,Clear sky
Event,en,http://creativecommons.org/publicdomain/zero/1.0/legalcode,Ghent University,,UGent,FORMICA_LEPIDOPTERA - Lepidoptera along edge-to-core transects in open and dense forests in the framework of the FORMICA project,FORMICA_LEPIDOPTERA:PLOT:BEMET3P3:2,FORMICA:TRANSECT:BEMET3,2020-08-01T00:00:00Z,temperate forest,light trapping,Belgium,50.2306929,5.2878152,EPSG:4326,30,Rain (4:00 - 4:30)
Event,en,http://creativecommons.org/publicdomain/zero/1.0/legalcode,Ghent University,,UGent,FORMICA_LEPIDOPTERA - Lepidoptera along edge-to-core transects in open and dense forests in the framework of the FORMICA project,FORMICA_LEPIDOPTERA:PLOT:BEMET3P3:3,FORMICA:TRANSECT:BEMET3,2020-09-15T00:00:00Z,temperate forest,light trapping,Belgium,50.2306929,5.2878152,EPSG:4326,30,Clear sky
Event,en,http://creativecommons.org/publicdomain/zero/1.0/legalcode,Ghent University,,UGent,FORMICA_LEPIDOPTERA - Lepidoptera along edge-to-core transects in open and dense forests in the framework of the FORMICA project,FORMICA_LEPIDOPTERA:PLOT:BEMET3P3:4,FORMICA:TRANSECT:BEMET3,2020-10-19T00:00:00Z,temperate forest,light trapping,Belgium,50.2306929,5.2878152,EPSG:4326,30,"Cloudy, Mysty"
Event,en,http://creativecommons.org/publicdomain/zero/1.0/legalcode,Ghent University,,UGent,FORMICA_LEPIDOPTERA - Lepidoptera along edge-to-core transects in open and dense forests in the framework of the FORMICA project,FORMICA_LEPIDOPTERA:PLOT:BEMET3P4:1,FORMICA:TRANSECT:BEMET3,2020-06-21T00:00:00Z,temperate forest,light trapping,Belgium,50.230802,5.2875321,EPSG:4326,30,Clear sky
Event,en,http://creativecommons.org/publicdomain/zero/1.0/legalcode,Ghent University,,UGent,FORMICA_LEPIDOPTERA - Lepidoptera along edge-to-core transects in open and dense forests in the framework of the FORMICA project,FORMICA_LEPIDOPTERA:PLOT:BEMET3P4:2,FORMICA:TRANSECT:BEMET3,2020-08-01T00:00:00Z,temperate forest,light trapping,Belgium,50.230802,5.2875321,EPSG:4326,30,Rain (4:00 - 4:30)
Event,en,http://creativecommons.org/publicdomain/zero/1.0/legalcode,Ghent University,,UGent,FORMICA_LEPIDOPTERA - Lepidoptera along edge-to-core transects in open and dense forests in the framework of the FORMICA project,FORMICA_LEPIDOPTERA:PLOT:BEMET3P4:3,FORMICA:TRANSECT:BEMET3,2020-09-15T00:00:00Z,temperate forest,light trapping,Belgium,50.230802,5.2875321,EPSG:4326,30,Clear sky
Event,en,http://creativecommons.org/publicdomain/zero/1.0/legalcode,Ghent University,,UGent,FORMICA_LEPIDOPTERA - Lepidoptera along edge-to-core transects in open and dense forests in the framework of the FORMICA project,FORMICA_LEPIDOPTERA:PLOT:BEMET3P4:4,FORMICA:TRANSECT:BEMET3,2020-10-19T00:00:00Z,temperate forest,light trapping,Belgium,50.230802,5.2875321,EPSG:4326,30,"Cloudy, Mysty"
Event,en,http://creativecommons.org/publicdomain/zero/1.0/legalcode,Ghent University,,UGent,FORMICA_LEPIDOPTERA - Lepidoptera along edge-to-core transects in open and dense forests in the framework of the FORMICA project,FORMICA_LEPIDOPTERA:PLOT:BEMET3P5:1,FORMICA:TRANSECT:BEMET3,2020-06-21T00:00:00Z,temperate forest,light trapping,Belgium,50.2309352,5.2866514,EPSG:4326,30,Clear sky
Event,en,http://creativecommons.org/publicdomain/zero/1.0/legalcode,Ghent University,,UGent,FORMICA_LEPIDOPTERA - Lepidoptera along edge-to-core transects in open and dense forests in the framework of the FORMICA project,FORMICA_LEPIDOPTERA:PLOT:BEMET3P5:2,FORMICA:TRANSECT:BEMET3,2020-08-01T00:00:00Z,temperate forest,light trapping,Belgium,50.2309352,5.2866514,EPSG:4326,30,Rain (4:00 - 4:30)
Event,en,http://creativecommons.org/publicdomain/zero/1.0/legalcode,Ghent University,,UGent,FORMICA_LEPIDOPTERA - Lepidoptera along edge-to-core transects in open and dense forests in the framework of the FORMICA project,FORMICA_LEPIDOPTERA:PLOT:BEMET3P5:3,FORMICA:TRANSECT:BEMET3,2020-09-15T00:00:00Z,temperate forest,light trapping,Belgium,50.2309352,5.2866514,EPSG:4326,30,Clear sky
Event,en,http://creativecommons.org/publicdomain/zero/1.0/legalcode,Ghent University,,UGent,FORMICA_LEPIDOPTERA - Lepidoptera along edge-to-core transects in open and dense forests in the framework of the FORMICA project,FORMICA_LEPIDOPTERA:PLOT:BEMET3P5:4,FORMICA:TRANSECT:BEMET3,2020-10-19T00:00:00Z,temperate forest,light trapping,Belgium,50.2309352,5.2866514,EPSG:4326,30,"Cloudy, Mysty"
Event,en,http://creativecommons.org/publicdomain/zero/1.0/legalcode,Ghent University,,UGent,FORMICA_LEPIDOPTERA - Lepidoptera along edge-to-core transects in open and dense forests in the framework of the FORMICA project,FORMICA_LEPIDOPTERA:PLOT:NFLOT1P1:1,FORMICA:TRANSECT:NFLOT1,2020-06-28T00:00:00Z,temperate forest,light trapping,France,49.3407423,2.8177097,EPSG:4326,30,"Cloudy, dry"
Event,en,http://creativecommons.org/publicdomain/zero/1.0/legalcode,Ghent University,,UGent,FORMICA_LEPIDOPTERA - Lepidoptera along edge-to-core transects in open and dense forests in the framework of the FORMICA project,FORMICA_LEPIDOPTERA:PLOT:NFLOT1P1:2,FORMICA:TRANSECT:NFLOT1,2020-08-05T00:00:00Z,temperate forest,light trapping,France,49.3407423,2.8177097,EPSG:4326,30,"Clear sky, Full moon"
Event,en,http://creativecommons.org/publicdomain/zero/1.0/legalcode,Ghent University,,UGent,FORMICA_LEPIDOPTERA - Lepidoptera along edge-to-core transects in open and dense forests in the framework of the FORMICA project,FORMICA_LEPIDOPTERA:PLOT:NFLOT1P1:3,FORMICA:TRANSECT:NFLOT1,2020-09-07T00:00:00Z,temperate forest,light trapping,France,49.3407423,2.8177097,EPSG:4326,30,Clear sky
Event,en,http://creativecommons.org/publicdomain/zero/1.0/legalcode,Ghent University,,UGent,FORMICA_LEPIDOPTERA - Lepidoptera along edge-to-core transects in open and dense forests in the framework of the FORMICA project,FORMICA_LEPIDOPTERA:PLOT:NFLOT1P1:4,FORMICA:TRANSECT:NFLOT1,2020-10-15T00:00:00Z,temperate forest,light trapping,France,49.3407423,2.8177097,EPSG:4326,30,Cloudy
Event,en,http://creativecommons.org/publicdomain/zero/1.0/legalcode,Ghent University,,UGent,FORMICA_LEPIDOPTERA - Lepidoptera along edge-to-core transects in open and dense forests in the framework of the FORMICA project,FORMICA_LEPIDOPTERA:PLOT:NFLOT1P3:1,FORMICA:TRANSECT:NFLOT1,2020-06-28T00:00:00Z,temperate forest,light trapping,France,49.3408102,2.8176708,EPSG:4326,30,"Cloudy, dry"
Event,en,http://creativecommons.org/publicdomain/zero/1.0/legalcode,Ghent University,,UGent,FORMICA_LEPIDOPTERA - Lepidoptera along edge-to-core transects in open and dense forests in the framework of the FORMICA project,FORMICA_LEPIDOPTERA:PLOT:NFLOT1P3:2,FORMICA:TRANSECT:NFLOT1,2020-08-05T00:00:00Z,temperate forest,light trapping,France,49.3408102,2.8176708,EPSG:4326,30,"Clear sky, Full moon"
Event,en,http://creativecommons.org/publicdomain/zero/1.0/legalcode,Ghent University,,UGent,FORMICA_LEPIDOPTERA - Lepidoptera along edge-to-core transects in open and dense forests in the framework of the FORMICA project,FORMICA_LEPIDOPTERA:PLOT:NFLOT1P3:3,FORMICA:TRANSECT:NFLOT1,2020-09-07T00:00:00Z,temperate forest,light trapping,France,49.3408102,2.8176708,EPSG:4326,30,Clear sky
Event,en,http://creativecommons.org/publicdomain/zero/1.0/legalcode,Ghent University,,UGent,FORMICA_LEPIDOPTERA - Lepidoptera along edge-to-core transects in open and dense forests in the framework of the FORMICA project,FORMICA_LEPIDOPTERA:PLOT:NFLOT1P3:4,FORMICA:TRANSECT:NFLOT1,2020-10-15T00:00:00Z,temperate forest,light trapping,France,49.3408102,2.8176708,EPSG:4326,30,Cloudy
Event,en,http://creativecommons.org/publicdomain/zero/1.0/legalcode,Ghent University,,UGent,FORMICA_LEPIDOPTERA - Lepidoptera along edge-to-core transects in open and dense forests in the framework of the FORMICA project,FORMICA_LEPIDOPTERA:PLOT:NFLOT1P4:1,FORMICA:TRANSECT:NFLOT1,2020-06-28T00:00:00Z,temperate forest,light trapping,France,49.3410337,2.8175835,EPSG:4326,30,"Cloudy, dry"
Event,en,http://creativecommons.org/publicdomain/zero/1.0/legalcode,Ghent University,,UGent,FORMICA_LEPIDOPTERA - Lepidoptera along edge-to-core transects in open and dense forests in the framework of the FORMICA project,FORMICA_LEPIDOPTERA:PLOT:NFLOT1P4:2,FORMICA:TRANSECT:NFLOT1,2020-08-05T00:00:00Z,temperate forest,light trapping,France,49.3410337,2.8175835,EPSG:4326,30,"Clear sky, Full moon"
Event,en,http://creativecommons.org/publicdomain/zero/1.0/legalcode,Ghent University,,UGent,FORMICA_LEPIDOPTERA - Lepidoptera along edge-to-core transects in open and dense forests in the framework of the FORMICA project,FORMICA_LEPIDOPTERA:PLOT:NFLOT1P4:3,FORMICA:TRANSECT:NFLOT1,2020-09-07T00:00:00Z,temperate forest,light trapping,France,49.3410337,2.8175835,EPSG:4326,30,Clear sky
Event,en,http://creativecommons.org/publicdomain/zero/1.0/legalcode,Ghent University,,UGent,FORMICA_LEPIDOPTERA - Lepidoptera along edge-to-core transects in open and dense forests in the framework of the FORMICA project,FORMICA_LEPIDOPTERA:PLOT:NFLOT1P4:4,FORMICA:TRANSECT:NFLOT1,2020-10-15T00:00:00Z,temperate forest,light trapping,France,49.3410337,2.8175835,EPSG:4326,30,Cloudy
Event,en,http://creativecommons.org/publicdomain/zero/1.0/legalcode,Ghent University,,UGent,FORMICA_LEPIDOPTERA - Lepidoptera along edge-to-core transects in open and dense forests in the framework of the FORMICA project,FORMICA_LEPIDOPTERA:PLOT:NFLOT1P5:1,FORMICA:TRANSECT:NFLOT1,2020-06-28T00:00:00Z,temperate forest,light trapping,France,49.3416401,2.8173745,EPSG:4326,30,"Cloudy, dry"
Event,en,http://creativecommons.org/publicdomain/zero/1.0/legalcode,Ghent University,,UGent,FORMICA_LEPIDOPTERA - Lepidoptera along edge-to-core transects in open and dense forests in the framework of the FORMICA project,FORMICA_LEPIDOPTERA:PLOT:NFLOT1P5:2,FORMICA:TRANSECT:NFLOT1,2020-08-05T00:00:00Z,temperate forest,light trapping,France,49.3416401,2.8173745,EPSG:4326,30,"Clear sky, Full moon"
Event,en,http://creativecommons.org/publicdomain/zero/1.0/legalcode,Ghent University,,UGent,FORMICA_LEPIDOPTERA - Lepidoptera along edge-to-core transects in open and dense forests in the framework of the FORMICA project,FORMICA_LEPIDOPTERA:PLOT:NFLOT1P5:3,FORMICA:TRANSECT:NFLOT1,2020-09-07T00:00:00Z,temperate forest,light trapping,France,49.3416401,2.8173745,EPSG:4326,30,Clear sky
Event,en,http://creativecommons.org/publicdomain/zero/1.0/legalcode,Ghent University,,UGent,FORMICA_LEPIDOPTERA - Lepidoptera along edge-to-core transects in open and dense forests in the framework of the FORMICA project,FORMICA_LEPIDOPTERA:PLOT:NFLOT1P5:4,FORMICA:TRANSECT:NFLOT1,2020-10-16T00:00:00Z,temperate forest,light trapping,France,49.3416401,2.8173745,EPSG:4326,30,Cloudy
Event,en,http://creativecommons.org/publicdomain/zero/1.0/legalcode,Ghent University,,UGent,FORMICA_LEPIDOPTERA - Lepidoptera along edge-to-core transects in open and dense forests in the framework of the FORMICA project,FORMICA_LEPIDOPTERA:PLOT:NFLOT2P1:1,FORMICA:TRANSECT:NFLOT2,2020-06-29T00:00:00Z,temperate forest,light trapping,France,49.3210825,2.9281248,EPSG:4326,30,Rain (3:00 - 4:30)
Event,en,http://creativecommons.org/publicdomain/zero/1.0/legalcode,Ghent University,,UGent,FORMICA_LEPIDOPTERA - Lepidoptera along edge-to-core transects in open and dense forests in the framework of the FORMICA project,FORMICA_LEPIDOPTERA:PLOT:NFLOT2P1:2,FORMICA:TRANSECT:NFLOT2,2020-08-06T00:00:00Z,temperate forest,light trapping,France,49.3210825,2.9281248,EPSG:4326,30,"Clear sky, Full moon"
Event,en,http://creativecommons.org/publicdomain/zero/1.0/legalcode,Ghent University,,UGent,FORMICA_LEPIDOPTERA - Lepidoptera along edge-to-core transects in open and dense forests in the framework of the FORMICA project,FORMICA_LEPIDOPTERA:PLOT:NFLOT2P1:3,FORMICA:TRANSECT:NFLOT2,2020-09-06T00:00:00Z,temperate forest,light trapping,France,49.3210825,2.9281248,EPSG:4326,30,Cloudy
Event,en,http://creativecommons.org/publicdomain/zero/1.0/legalcode,Ghent University,,UGent,FORMICA_LEPIDOPTERA - Lepidoptera along edge-to-core transects in open and dense forests in the framework of the FORMICA project,FORMICA_LEPIDOPTERA:PLOT:NFLOT2P1:4,FORMICA:TRANSECT:NFLOT2,2020-10-16T00:00:00Z,temperate forest,light trapping,France,49.3210825,2.9281248,EPSG:4326,30,Cloudy
Event,en,http://creativecommons.org/publicdomain/zero/1.0/legalcode,Ghent University,,UGent,FORMICA_LEPIDOPTERA - Lepidoptera along edge-to-core transects in open and dense forests in the framework of the FORMICA project,FORMICA_LEPIDOPTERA:PLOT:NFLOT2P3:1,FORMICA:TRANSECT:NFLOT2,2020-06-29T00:00:00Z,temperate forest,light trapping,France,49.321172,2.92795669999999,EPSG:4326,30,Rain (3:00 - 4:30)
Event,en,http://creativecommons.org/publicdomain/zero/1.0/legalcode,Ghent University,,UGent,FORMICA_LEPIDOPTERA - Lepidoptera along edge-to-core transects in open and dense forests in the framework of the FORMICA project,FORMICA_LEPIDOPTERA:PLOT:NFLOT2P3:2,FORMICA:TRANSECT:NFLOT2,2020-08-06T00:00:00Z,temperate forest,light trapping,France,49.321172,2.92795669999999,EPSG:4326,30,"Clear sky, Full moon"
Event,en,http://creativecommons.org/publicdomain/zero/1.0/legalcode,Ghent University,,UGent,FORMICA_LEPIDOPTERA - Lepidoptera along edge-to-core transects in open and dense forests in the framework of the FORMICA project,FORMICA_LEPIDOPTERA:PLOT:NFLOT2P3:3,FORMICA:TRANSECT:NFLOT2,2020-09-06T00:00:00Z,temperate forest,light trapping,France,49.321172,2.92795669999999,EPSG:4326,30,Cloudy
Event,en,http://creativecommons.org/publicdomain/zero/1.0/legalcode,Ghent University,,UGent,FORMICA_LEPIDOPTERA - Lepidoptera along edge-to-core transects in open and dense forests in the framework of the FORMICA project,FORMICA_LEPIDOPTERA:PLOT:NFLOT2P3:4,FORMICA:TRANSECT:NFLOT2,2020-10-16T00:00:00Z,temperate forest,light trapping,France,49.321172,2.92795669999999,EPSG:4326,30,Cloudy
Event,en,http://creativecommons.org/publicdomain/zero/1.0/legalcode,Ghent University,,UGent,FORMICA_LEPIDOPTERA - Lepidoptera along edge-to-core transects in open and dense forests in the framework of the FORMICA project,FORMICA_LEPIDOPTERA:PLOT:NFLOT2P4:1,FORMICA:TRANSECT:NFLOT2,2020-06-29T00:00:00Z,temperate forest,light trapping,France,49.3211577,2.9277415,EPSG:4326,30,Rain (3:00 - 4:30)
Event,en,http://creativecommons.org/publicdomain/zero/1.0/legalcode,Ghent University,,UGent,FORMICA_LEPIDOPTERA - Lepidoptera along edge-to-core transects in open and dense forests in the framework of the FORMICA project,FORMICA_LEPIDOPTERA:PLOT:NFLOT2P4:2,FORMICA:TRANSECT:NFLOT2,2020-08-06T00:00:00Z,temperate forest,light trapping,France,49.3211577,2.9277415,EPSG:4326,30,"Clear sky, Full moon"
Event,en,http://creativecommons.org/publicdomain/zero/1.0/legalcode,Ghent University,,UGent,FORMICA_LEPIDOPTERA - Lepidoptera along edge-to-core transects in open and dense forests in the framework of the FORMICA project,FORMICA_LEPIDOPTERA:PLOT:NFLOT2P4:3,FORMICA:TRANSECT:NFLOT2,2020-09-06T00:00:00Z,temperate forest,light trapping,France,49.3211577,2.9277415,EPSG:4326,30,Cloudy
Event,en,http://creativecommons.org/publicdomain/zero/1.0/legalcode,Ghent University,,UGent,FORMICA_LEPIDOPTERA - Lepidoptera along edge-to-core transects in open and dense forests in the framework of the FORMICA project,FORMICA_LEPIDOPTERA:PLOT:NFLOT2P4:4,FORMICA:TRANSECT:NFLOT2,2020-10-16T00:00:00Z,temperate forest,light trapping,France,49.3211577,2.9277415,EPSG:4326,30,Cloudy
Event,en,http://creativecommons.org/publicdomain/zero/1.0/legalcode,Ghent University,,UGent,FORMICA_LEPIDOPTERA - Lepidoptera along edge-to-core transects in open and dense forests in the framework of the FORMICA project,FORMICA_LEPIDOPTERA:PLOT:NFLOT2P5:1,FORMICA:TRANSECT:NFLOT2,2020-06-29T00:00:00Z,temperate forest,light trapping,France,49.3214805,2.9269258,EPSG:4326,30,Rain (3:00 - 4:30)
Event,en,http://creativecommons.org/publicdomain/zero/1.0/legalcode,Ghent University,,UGent,FORMICA_LEPIDOPTERA - Lepidoptera along edge-to-core transects in open and dense forests in the framework of the FORMICA project,FORMICA_LEPIDOPTERA:PLOT:NFLOT2P5:2,FORMICA:TRANSECT:NFLOT2,2020-08-06T00:00:00Z,temperate forest,light trapping,France,49.3214805,2.9269258,EPSG:4326,30,"Clear sky, Full moon"
Event,en,http://creativecommons.org/publicdomain/zero/1.0/legalcode,Ghent University,,UGent,FORMICA_LEPIDOPTERA - Lepidoptera along edge-to-core transects in open and dense forests in the framework of the FORMICA project,FORMICA_LEPIDOPTERA:PLOT:NFLOT2P5:3,FORMICA:TRANSECT:NFLOT2,2020-09-06T00:00:00Z,temperate forest,light trapping,France,49.3214805,2.9269258,EPSG:4326,30,Cloudy
Event,en,http://creativecommons.org/publicdomain/zero/1.0/legalcode,Ghent University,,UGent,FORMICA_LEPIDOPTERA - Lepidoptera along edge-to-core transects in open and dense forests in the framework of the FORMICA project,FORMICA_LEPIDOPTERA:PLOT:NFLOT2P5:4,FORMICA:TRANSECT:NFLOT2,2020-10-16T00:00:00Z,temperate forest,light trapping,France,49.3214805,2.9269258,EPSG:4326,30,Cloudy
